code,parent_idx,n_children,best_cost,second_best,gap,n_tied,tie_rate,best_unique,entropy
7_1_3_Steane_Code,0,20,10.0,10.0,0.0,2,0.1,0,1.3366664819123593
7_1_3_Steane_Code,1,20,10.0,11.0,1.0,1,0.05,1,1.4689955935835104
7_1_3_Steane_Code,2,20,6.0,6.0,0.0,6,0.3,0,1.5394910702958062
7_1_3_Steane_Code,3,20,10.0,10.0,0.0,2,0.1,0,1.578389824717749
7_1_3_Steane_Code,4,20,3.0,3.0,0.0,8,0.4,0,0.9709505944517833
7_1_3_Steane_Code,5,20,10.0,11.0,1.0,1,0.05,1,1.595461844232551
7_1_3_Steane_Code,6,20,8.0,9.0,1.0,1,0.05,1,1.6804820237160698
7_1_3_Steane_Code,7,20,3.0,3.0,0.0,7,0.35,0,0.9340680553726057
7_1_3_Steane_Code,8,20,7.0,7.0,0.0,7,0.35,0,1.4406454496110184
7_1_3_Steane_Code,9,20,11.0,11.0,0.0,8,0.4,0,1.2192407046325209
7_1_3_Steane_Code,10,20,10.0,10.0,0.0,2,0.1,0,1.3609640474393532
7_1_3_Steane_Code,11,20,3.0,3.0,0.0,8,0.4,0,0.9709505944517833
7_1_3_Steane_Code,12,20,3.0,3.0,0.0,10,0.5,0,0.9999999999971146
7_1_3_Steane_Code,13,20,5.0,5.0,0.0,7,0.35,0,1.3366664819123593
7_1_3_Steane_Code,14,20,8.0,8.0,0.0,2,0.1,0,1.7219280948815914
7_1_3_Steane_Code,15,20,10.0,11.0,1.0,1,0.05,1,1.4366664819109167
7_1_3_Steane_Code,16,20,3.0,3.0,0.0,11,0.55,0,0.9927744539849228
7_1_3_Steane_Code,17,20,6.0,6.0,0.0,7,0.35,0,1.5588718484410324
7_1_3_Steane_Code,18,20,7.0,8.0,1.0,1,0.05,1,1.9833830982218001
7_1_3_Steane_Code,19,20,6.0,6.0,0.0,4,0.2,0,0.7219280948844771
7_1_3_Steane_Code,20,20,7.0,7.0,0.0,2,0.1,0,2.0086949695556284
7_1_3_Steane_Code,21,20,6.0,6.0,0.0,10,0.5,0,1.360964047439353
7_1_3_Steane_Code,22,20,3.0,3.0,0.0,9,0.45,0,0.9927744539849228
7_1_3_Steane_Code,23,20,8.0,9.0,1.0,1,0.05,1,1.6804820237160698
7_1_3_Steane_Code,24,20,3.0,3.0,0.0,6,0.3,0,0.8812908992278072
7_1_3_Steane_Code,25,20,11.0,11.0,0.0,9,0.45,0,1.368995593584953
7_1_3_Steane_Code,26,20,10.0,10.0,0.0,2,0.1,0,1.595461844232551
7_1_3_Steane_Code,27,20,8.0,8.0,0.0,2,0.1,0,1.7427376486078965
7_1_3_Steane_Code,28,20,10.0,11.0,1.0,1,0.05,1,1.595461844232551
7_1_3_Steane_Code,29,20,3.0,3.0,0.0,9,0.45,0,0.9927744539849228
7_1_3_Steane_Code,30,20,5.0,5.0,0.0,2,0.1,0,1.1567796494427114
7_1_3_Steane_Code,31,20,3.0,3.0,0.0,8,0.4,0,0.9709505944517833
7_1_3_Steane_Code,32,20,10.0,10.0,0.0,2,0.1,0,1.595461844232551
7_1_3_Steane_Code,33,20,6.0,6.0,0.0,5,0.25,0,1.499999999995672
7_1_3_Steane_Code,34,20,7.0,7.0,0.0,2,0.1,0,1.8464393446652447
7_1_3_Steane_Code,35,20,3.0,3.0,0.0,9,0.45,0,0.9927744539849228
7_1_3_Steane_Code,36,20,10.0,10.0,0.0,3,0.15,0,1.6751432464042162
7_1_3_Steane_Code,37,20,8.0,8.0,0.0,2,0.1,0,1.8609640474379103
7_1_3_Steane_Code,38,20,3.0,3.0,0.0,10,0.5,0,0.9999999999971146
7_1_3_Steane_Code,39,20,7.0,7.0,0.0,10,0.5,0,1.4854752972230063
7_1_3_Steane_Code,40,20,5.0,5.0,0.0,4,0.2,0,1.1567796494427114
7_1_3_Steane_Code,41,20,10.0,11.0,1.0,1,0.05,1,1.6841837197734182
7_1_3_Steane_Code,42,20,7.0,8.0,1.0,1,0.05,1,1.7659573209434043
7_1_3_Steane_Code,43,20,10.0,11.0,1.0,1,0.05,1,1.595461844232551
7_1_3_Steane_Code,44,20,8.0,9.0,1.0,1,0.05,1,1.6804820237160698
7_1_3_Steane_Code,45,20,10.0,11.0,1.0,1,0.05,1,1.4366664819109167
7_1_3_Steane_Code,46,20,10.0,10.0,0.0,2,0.1,0,1.7219280948815914
7_1_3_Steane_Code,47,20,7.0,7.0,0.0,2,0.1,0,2.0638651219436404
7_1_3_Steane_Code,48,20,10.0,10.0,0.0,2,0.1,0,1.7219280948815914
7_1_3_Steane_Code,49,20,8.0,9.0,1.0,1,0.05,1,1.595461844232551
7_1_3_Steane_Code,50,20,8.0,9.0,1.0,1,0.05,1,1.765957320943404
7_1_3_Steane_Code,51,20,3.0,3.0,0.0,9,0.45,0,0.9927744539849228
7_1_3_Steane_Code,52,20,5.0,5.0,0.0,6,0.3,0,1.2954618442339936
7_1_3_Steane_Code,53,20,10.0,11.0,1.0,1,0.05,1,1.5437519544147311
7_1_3_Steane_Code,54,20,10.0,11.0,1.0,1,0.05,1,1.595461844232551
7_1_3_Steane_Code,55,20,3.0,3.0,0.0,8,0.4,0,0.9709505944517833
7_1_3_Steane_Code,56,20,9.0,9.0,0.0,8,0.4,0,1.360964047439353
7_1_3_Steane_Code,57,20,3.0,3.0,0.0,8,0.4,0,0.9709505944517833
7_1_3_Steane_Code,58,20,3.0,3.0,0.0,10,0.5,0,0.9999999999971146
7_1_3_Steane_Code,59,20,7.0,8.0,1.0,1,0.05,1,1.9833830982218001
7_1_3_Steane_Code,60,20,3.0,3.0,0.0,8,0.4,0,0.9709505944517833
7_1_3_Steane_Code,61,20,10.0,10.0,0.0,2,0.1,0,1.7128876215123894
7_1_3_Steane_Code,62,20,3.0,3.0,0.0,10,0.5,0,0.9999999999971146
7_1_3_Steane_Code,63,20,8.0,8.0,0.0,2,0.1,0,1.595461844232551
7_1_3_Steane_Code,64,20,10.0,11.0,1.0,1,0.05,1,1.4366664819109167
7_1_3_Steane_Code,65,20,10.0,11.0,1.0,1,0.05,1,1.578389824717749
7_1_3_Steane_Code,66,20,7.0,7.0,0.0,10,0.5,0,1.360964047439353
7_1_3_Steane_Code,67,20,10.0,11.0,1.0,1,0.05,1,1.578389824717749
7_1_3_Steane_Code,68,20,11.0,11.0,0.0,7,0.35,0,1.1883763717301792
7_1_3_Steane_Code,69,20,9.0,9.0,0.0,5,0.25,0,1.2361602543694838
7_1_3_Steane_Code,70,20,3.0,3.0,0.0,8,0.4,0,0.9709505944517833
7_1_3_Steane_Code,71,20,7.0,7.0,0.0,12,0.6,0,1.2954618442339936
7_1_3_Steane_Code,72,20,7.0,7.0,0.0,12,0.6,0,1.2954618442339936
7_1_3_Steane_Code,73,20,7.0,7.0,0.0,7,0.35,0,1.5128876215138323
7_1_3_Steane_Code,74,20,10.0,11.0,1.0,1,0.05,1,1.578389824717749
7_1_3_Steane_Code,75,20,8.0,9.0,1.0,1,0.05,1,1.7659573209434043
7_1_3_Steane_Code,76,20,5.0,5.0,0.0,3,0.15,0,1.1812908992263647
7_1_3_Steane_Code,77,20,7.0,7.0,0.0,2,0.1,0,1.8833830982232427
7_1_3_Steane_Code,78,20,6.0,6.0,0.0,7,0.35,0,1.5128876215138323
7_1_3_Steane_Code,79,20,10.0,11.0,1.0,1,0.05,1,1.4609640474379104
7_1_3_Steane_Code,80,20,10.0,10.0,0.0,2,0.1,0,1.8016094970532568
7_1_3_Steane_Code,81,20,8.0,9.0,1.0,1,0.05,1,1.7199730940162041
7_1_3_Steane_Code,82,20,5.0,5.0,0.0,4,0.2,0,1.278897902983151
7_1_3_Steane_Code,83,20,10.0,10.0,0.0,2,0.1,0,1.368995593584953
7_1_3_Steane_Code,84,20,10.0,10.0,0.0,2,0.1,0,1.7219280948815914
7_1_3_Steane_Code,85,20,3.0,3.0,0.0,9,0.45,0,0.9927744539849228
7_1_3_Steane_Code,86,20,6.0,6.0,0.0,5,0.25,0,1.499999999995672
7_1_3_Steane_Code,87,20,10.0,10.0,0.0,2,0.1,0,1.5437519544147311
7_1_3_Steane_Code,88,20,10.0,11.0,1.0,1,0.05,1,1.4366664819109167
7_1_3_Steane_Code,89,20,7.0,8.0,1.0,1,0.05,1,2.063865121943641
7_1_3_Steane_Code,90,20,9.0,10.0,1.0,1,0.05,1,0.8841837197748608
7_1_3_Steane_Code,91,20,7.0,7.0,0.0,9,0.45,0,1.368995593584953
7_1_3_Steane_Code,92,20,7.0,7.0,0.0,2,0.1,0,1.8149798205107104
7_1_3_Steane_Code,93,20,3.0,3.0,0.0,11,0.55,0,0.9927744539849228
7_1_3_Steane_Code,94,20,3.0,3.0,0.0,6,0.3,0,0.8812908992278072
7_1_3_Steane_Code,95,20,7.0,7.0,0.0,10,0.5,0,1.4406454496110184
7_1_3_Steane_Code,96,20,3.0,3.0,0.0,7,0.35,0,0.9340680553726057
7_1_3_Steane_Code,97,20,9.0,9.0,0.0,4,0.2,0,1.278897902983151
7_1_3_Steane_Code,98,20,3.0,3.0,0.0,9,0.45,0,0.9927744539849228
7_1_3_Steane_Code,99,20,3.0,3.0,0.0,7,0.35,0,0.9340680553726057
7_1_3_Steane_Code,100,20,8.0,8.0,0.0,7,0.35,0,1.6751432464042162
7_1_3_Steane_Code,101,20,10.0,10.0,0.0,2,0.1,0,1.3609640474393532
7_1_3_Steane_Code,102,20,3.0,3.0,0.0,11,0.55,0,0.9927744539849228
7_1_3_Steane_Code,103,20,8.0,8.0,0.0,5,0.25,0,1.6804820237160698
7_1_3_Steane_Code,104,20,11.0,11.0,0.0,8,0.4,0,1.360964047439353
7_1_3_Steane_Code,105,20,8.0,8.0,0.0,6,0.3,0,1.5394910702958062
7_1_3_Steane_Code,106,20,5.0,5.0,0.0,8,0.4,0,1.4577174691258201
7_1_3_Steane_Code,107,20,6.0,6.0,0.0,7,0.35,0,1.5812908992263646
7_1_3_Steane_Code,108,20,6.0,6.0,0.0,4,0.2,0,1.4854752972230063
7_1_3_Steane_Code,109,20,3.0,3.0,0.0,7,0.35,0,0.9340680553726057
7_1_3_Steane_Code,110,20,6.0,6.0,0.0,8,0.4,0,1.5709505944503404
7_1_3_Steane_Code,111,20,3.0,3.0,0.0,8,0.4,0,0.9709505944517833
7_1_3_Steane_Code,112,20,10.0,11.0,1.0,1,0.05,1,1.6751432464042162
7_1_3_Steane_Code,113,20,6.0,6.0,0.0,10,0.5,0,1.499999999995672
7_1_3_Steane_Code,114,20,6.0,6.0,0.0,7,0.35,0,1.5128876215138323
7_1_3_Steane_Code,115,20,10.0,10.0,0.0,2,0.1,0,1.7128876215123894
7_1_3_Steane_Code,116,20,7.0,8.0,1.0,1,0.05,1,1.9464393446638022
7_1_3_Steane_Code,117,20,3.0,3.0,0.0,9,0.45,0,0.9927744539849228
7_1_3_Steane_Code,118,20,8.0,9.0,1.0,1,0.05,1,1.595461844232551
7_1_3_Steane_Code,119,20,3.0,3.0,0.0,9,0.45,0,0.9927744539849228
7_1_3_Steane_Code,120,20,10.0,10.0,0.0,2,0.1,0,1.5437519544147311
7_1_3_Steane_Code,121,20,3.0,3.0,0.0,10,0.5,0,0.9999999999971146
7_1_3_Steane_Code,122,20,3.0,3.0,0.0,10,0.5,0,0.9999999999971146
7_1_3_Steane_Code,123,20,5.0,5.0,0.0,5,0.25,0,1.4387586809106803
7_1_3_Steane_Code,124,20,3.0,3.0,0.0,10,0.5,0,0.9999999999971146
7_1_3_Steane_Code,125,20,6.0,6.0,0.0,5,0.25,0,1.5394910702958062
7_1_3_Steane_Code,126,20,9.0,9.0,0.0,5,0.25,0,1.4387586809106803
7_1_3_Steane_Code,127,20,10.0,11.0,1.0,1,0.05,1,1.595461844232551
7_1_3_Steane_Code,128,20,3.0,3.0,0.0,10,0.5,0,0.9999999999971146
7_1_3_Steane_Code,129,20,8.0,8.0,0.0,3,0.15,0,1.64773092211339
7_1_3_Steane_Code,130,20,3.0,3.0,0.0,7,0.35,0,0.9340680553726057
7_1_3_Steane_Code,131,20,3.0,3.0,0.0,8,0.4,0,0.9709505944517833
7_1_3_Steane_Code,132,20,3.0,3.0,0.0,7,0.35,0,0.9340680553726057
7_1_3_Steane_Code,133,20,9.0,9.0,0.0,5,0.25,0,0.8112781244562475
7_1_3_Steane_Code,134,20,3.0,3.0,0.0,7,0.35,0,0.9340680553726057
7_1_3_Steane_Code,135,20,3.0,3.0,0.0,7,0.35,0,0.9340680553726057
7_1_3_Steane_Code,136,20,9.0,9.0,0.0,5,0.25,0,1.4387586809106803
7_1_3_Steane_Code,137,20,3.0,3.0,0.0,9,0.45,0,0.9927744539849228
7_1_3_Steane_Code,138,20,10.0,11.0,1.0,1,0.05,1,1.4366664819109167
7_1_3_Steane_Code,139,20,10.0,10.0,0.0,3,0.15,0,1.6814963295229046
7_1_3_Steane_Code,140,20,6.0,6.0,0.0,7,0.35,0,1.5588718484410324
7_1_3_Steane_Code,141,20,9.0,9.0,0.0,4,0.2,0,1.278897902983151
7_1_3_Steane_Code,142,20,9.0,9.0,0.0,3,0.15,0,1.278897902983151
7_1_3_Steane_Code,143,20,9.0,9.0,0.0,7,0.35,0,1.1883763717301792
7_1_3_Steane_Code,144,20,9.0,9.0,0.0,6,0.3,0,1.1411535278749776
7_1_3_Steane_Code,145,20,5.0,5.0,0.0,3,0.15,0,1.278897902983151
7_1_3_Steane_Code,146,20,3.0,3.0,0.0,10,0.5,0,0.9999999999971146
7_1_3_Steane_Code,147,20,5.0,5.0,0.0,9,0.45,0,1.5128876215138323
7_1_3_Steane_Code,148,20,3.0,3.0,0.0,7,0.35,0,0.9340680553726057
7_1_3_Steane_Code,149,20,3.0,3.0,0.0,8,0.4,0,0.9709505944517833
7_1_3_Steane_Code,150,20,8.0,9.0,1.0,1,0.05,1,1.6192407046310782
7_1_3_Steane_Code,151,20,3.0,3.0,0.0,9,0.45,0,0.9927744539849228
7_1_3_Steane_Code,152,20,10.0,11.0,1.0,1,0.05,1,1.595461844232551
7_1_3_Steane_Code,153,20,5.0,5.0,0.0,7,0.35,0,1.1883763717301792
7_1_3_Steane_Code,154,20,7.0,7.0,0.0,9,0.45,0,1.4577174691258201
7_1_3_Steane_Code,155,20,3.0,3.0,0.0,6,0.3,0,0.8812908992278072
7_1_3_Steane_Code,156,20,6.0,6.0,0.0,6,0.3,0,1.4854752972230063
7_1_3_Steane_Code,157,20,8.0,9.0,1.0,1,0.05,1,1.7393538721614303
7_1_3_Steane_Code,158,20,8.0,9.0,1.0,1,0.05,1,1.64773092211339
7_1_3_Steane_Code,159,20,3.0,3.0,0.0,9,0.45,0,0.9927744539849228
7_1_3_Steane_Code,160,20,8.0,9.0,1.0,1,0.05,1,1.6804820237160698
7_1_3_Steane_Code,161,20,6.0,6.0,0.0,6,0.3,0,1.5394910702958062
7_1_3_Steane_Code,162,20,6.0,6.0,0.0,7,0.35,0,1.5588718484410324
7_1_3_Steane_Code,163,20,8.0,8.0,0.0,2,0.1,0,1.7822287189080306
7_1_3_Steane_Code,164,20,9.0,9.0,0.0,8,0.4,0,1.360964047439353
7_1_3_Steane_Code,165,20,6.0,6.0,0.0,7,0.35,0,1.5812908992263646
7_1_3_Steane_Code,166,20,6.0,6.0,0.0,7,0.35,0,1.3366664819123593
7_1_3_Steane_Code,167,20,6.0,6.0,0.0,9,0.45,0,1.5394910702958062
7_1_3_Steane_Code,168,20,3.0,3.0,0.0,8,0.4,0,0.9709505944517833
7_1_3_Steane_Code,169,20,3.0,3.0,0.0,10,0.5,0,0.9999999999971146
7_1_3_Steane_Code,170,20,10.0,11.0,1.0,1,0.05,1,1.4609640474379104
7_1_3_Steane_Code,171,20,11.0,11.0,0.0,8,0.4,0,1.360964047439353
7_1_3_Steane_Code,172,20,3.0,3.0,0.0,6,0.3,0,0.8812908992278072
7_1_3_Steane_Code,173,20,6.0,6.0,0.0,11,0.55,0,1.4387586809106803
7_1_3_Steane_Code,174,20,8.0,8.0,0.0,2,0.1,0,1.8016094970532568
7_1_3_Steane_Code,175,20,3.0,3.0,0.0,6,0.3,0,0.8812908992278072
7_1_3_Steane_Code,176,20,8.0,8.0,0.0,5,0.25,0,1.4387586809106803
7_1_3_Steane_Code,177,20,10.0,11.0,1.0,1,0.05,1,1.4366664819109167
7_1_3_Steane_Code,178,20,9.0,9.0,0.0,8,0.4,0,1.4577174691258201
7_1_3_Steane_Code,179,20,7.0,8.0,1.0,1,0.05,1,1.9149798205092678
7_1_3_Steane_Code,180,20,3.0,3.0,0.0,9,0.45,0,0.9927744539849228
7_1_3_Steane_Code,181,20,3.0,3.0,0.0,6,0.3,0,0.8812908992278072
7_1_3_Steane_Code,182,20,10.0,11.0,1.0,1,0.05,1,1.4609640474379104
7_1_3_Steane_Code,183,20,8.0,8.0,0.0,9,0.45,0,1.4577174691258201
7_1_3_Steane_Code,184,20,9.0,9.0,0.0,4,0.2,0,1.278897902983151
7_1_3_Steane_Code,185,20,7.0,7.0,0.0,10,0.5,0,1.4854752972230063
7_1_3_Steane_Code,186,20,3.0,3.0,0.0,11,0.55,0,0.9927744539849228
7_1_3_Steane_Code,187,20,3.0,3.0,0.0,9,0.45,0,0.9927744539849228
7_1_3_Steane_Code,188,20,10.0,10.0,0.0,2,0.1,0,1.7219280948815914
7_1_3_Steane_Code,189,20,10.0,10.0,0.0,2,0.1,0,1.8016094970532568
7_1_3_Steane_Code,190,20,8.0,8.0,0.0,8,0.4,0,1.8609640474379103
7_1_3_Steane_Code,191,20,10.0,10.0,0.0,2,0.1,0,1.8016094970532568
7_1_3_Steane_Code,192,20,9.0,9.0,0.0,4,0.2,0,1.278897902983151
7_1_3_Steane_Code,193,20,8.0,9.0,1.0,1,0.05,1,1.6751432464042162
7_1_3_Steane_Code,194,20,10.0,11.0,1.0,1,0.05,1,1.595461844232551
7_1_3_Steane_Code,195,20,3.0,3.0,0.0,11,0.55,0,0.9927744539849228
7_1_3_Steane_Code,196,20,8.0,9.0,1.0,1,0.05,1,1.6192407046310782
7_1_3_Steane_Code,197,20,6.0,6.0,0.0,8,0.4,0,1.5588718484410322
7_1_3_Steane_Code,198,20,10.0,10.0,0.0,2,0.1,0,1.3366664819123593
7_1_3_Steane_Code,199,20,5.0,5.0,0.0,4,0.2,0,1.4854752972230063
7_1_3_Steane_Code,200,20,10.0,10.0,0.0,2,0.1,0,1.6854752972215634
7_1_3_Steane_Code,201,20,3.0,3.0,0.0,9,0.45,0,0.9927744539849228
7_1_3_Steane_Code,202,20,3.0,3.0,0.0,9,0.45,0,0.9927744539849228
7_1_3_Steane_Code,203,20,3.0,3.0,0.0,10,0.5,0,0.9999999999971146
7_1_3_Steane_Code,204,20,7.0,8.0,1.0,1,0.05,1,2.063865121943641
7_1_3_Steane_Code,205,20,10.0,10.0,0.0,2,0.1,0,1.5709505944488977
7_1_3_Steane_Code,206,20,9.0,9.0,0.0,3,0.15,0,1.0540157730684718
7_1_3_Steane_Code,207,20,9.0,9.0,0.0,4,0.2,0,1.1567796494427114
7_1_3_Steane_Code,208,20,3.0,3.0,0.0,8,0.4,0,0.9709505944517833
7_1_3_Steane_Code,209,20,3.0,3.0,0.0,8,0.4,0,0.9709505944517833
7_1_3_Steane_Code,210,20,5.0,5.0,0.0,5,0.25,0,1.4387586809106803
7_1_3_Steane_Code,211,20,7.0,7.0,0.0,10,0.5,0,1.4406454496110184
7_1_3_Steane_Code,212,20,3.0,3.0,0.0,9,0.45,0,0.9927744539849228
7_1_3_Steane_Code,213,20,8.0,8.0,0.0,2,0.1,0,1.8833830982232427
7_1_3_Steane_Code,214,20,9.0,9.0,0.0,5,0.25,0,1.3527241956203266
7_1_3_Steane_Code,215,20,3.0,3.0,0.0,7,0.35,0,0.9340680553726057
7_1_3_Steane_Code,216,20,10.0,10.0,0.0,2,0.1,0,1.3366664819123595
7_1_3_Steane_Code,217,20,7.0,8.0,1.0,1,0.05,1,1.7883763717287364
7_1_3_Steane_Code,218,20,3.0,3.0,0.0,7,0.35,0,0.9340680553726057
7_1_3_Steane_Code,219,20,8.0,9.0,1.0,1,0.05,1,1.6010143058010642
7_1_3_Steane_Code,220,20,5.0,5.0,0.0,6,0.3,0,1.4060075793080005
7_1_3_Steane_Code,221,20,3.0,3.0,0.0,8,0.4,0,0.9709505944517833
7_1_3_Steane_Code,222,20,7.0,7.0,0.0,10,0.5,0,1.4406454496110184
7_1_3_Steane_Code,223,20,10.0,10.0,0.0,2,0.1,0,1.5437519544147311
7_1_3_Steane_Code,224,20,3.0,3.0,0.0,7,0.35,0,0.9340680553726057
7_1_3_Steane_Code,225,20,10.0,11.0,1.0,1,0.05,1,1.578389824717749
7_1_3_Steane_Code,226,20,7.0,7.0,0.0,12,0.6,0,1.1883763717301792
7_1_3_Steane_Code,227,20,8.0,9.0,1.0,1,0.05,1,1.578389824717749
7_1_3_Steane_Code,228,20,8.0,9.0,1.0,1,0.05,1,1.6010143058010642
7_1_3_Steane_Code,229,20,9.0,9.0,0.0,7,0.35,0,1.4406454496110184
7_1_3_Steane_Code,230,20,3.0,3.0,0.0,9,0.45,0,0.9927744539849228
7_1_3_Steane_Code,231,20,3.0,3.0,0.0,8,0.4,0,0.9709505944517833
7_1_3_Steane_Code,232,20,6.0,6.0,0.0,7,0.35,0,1.4406454496110184
7_1_3_Steane_Code,233,20,6.0,6.0,0.0,7,0.35,0,1.5812908992263646
7_1_3_Steane_Code,234,20,9.0,9.0,0.0,2,0.1,0,0.9219280948830342
7_1_3_Steane_Code,235,20,7.0,7.0,0.0,8,0.4,0,1.4577174691258201
7_1_3_Steane_Code,236,20,10.0,10.0,0.0,3,0.15,0,1.6751432464042162
7_1_3_Steane_Code,237,20,3.0,3.0,0.0,8,0.4,0,0.9709505944517833
7_1_3_Steane_Code,238,20,5.0,5.0,0.0,3,0.15,0,1.278897902983151
7_1_3_Steane_Code,239,20,7.0,7.0,0.0,8,0.4,0,1.4577174691258201
7_1_3_Steane_Code,240,20,10.0,10.0,0.0,3,0.15,0,1.684183719773418
7_1_3_Steane_Code,241,20,7.0,7.0,0.0,9,0.45,0,1.5128876215138323
7_1_3_Steane_Code,242,20,9.0,10.0,1.0,1,0.05,1,0.8841837197748608
7_1_3_Steane_Code,243,20,9.0,9.0,0.0,5,0.25,0,1.2361602543694838
7_1_3_Steane_Code,244,20,6.0,6.0,0.0,5,0.25,0,1.5588718484410322
7_1_3_Steane_Code,245,20,9.0,9.0,0.0,4,0.2,0,0.9917601481766455
7_1_3_Steane_Code,246,20,10.0,11.0,1.0,1,0.05,1,1.5437519544147311
7_1_3_Steane_Code,247,20,3.0,3.0,0.0,7,0.35,0,0.9340680553726057
7_1_3_Steane_Code,248,20,6.0,6.0,0.0,8,0.4,0,1.4577174691258201
7_1_3_Steane_Code,249,20,8.0,9.0,1.0,1,0.05,1,1.5437519544147311
7_1_3_Steane_Code,250,20,8.0,9.0,1.0,1,0.05,1,1.73449779678887
7_1_3_Steane_Code,251,20,6.0,6.0,0.0,8,0.4,0,1.4577174691258201
7_1_3_Steane_Code,252,20,10.0,10.0,0.0,3,0.15,0,1.6814963295229046
7_1_3_Steane_Code,253,20,10.0,11.0,1.0,1,0.05,1,1.4366664819109167
7_1_3_Steane_Code,254,20,6.0,6.0,0.0,8,0.4,0,1.5588718484410322
7_1_3_Steane_Code,255,20,9.0,9.0,0.0,2,0.1,0,0.7475846798202459
7_1_3_Steane_Code,256,20,3.0,3.0,0.0,11,0.55,0,0.9927744539849228
7_1_3_Steane_Code,257,20,3.0,3.0,0.0,7,0.35,0,0.9340680553726057
7_1_3_Steane_Code,258,20,3.0,3.0,0.0,7,0.35,0,0.9340680553726057
7_1_3_Steane_Code,259,20,10.0,10.0,0.0,2,0.1,0,1.595461844232551
7_1_3_Steane_Code,260,20,3.0,3.0,0.0,10,0.5,0,0.9999999999971146
7_1_3_Steane_Code,261,20,9.0,9.0,0.0,7,0.35,0,1.5588718484410322
7_1_3_Steane_Code,262,20,6.0,6.0,0.0,6,0.3,0,1.5709505944503404
7_1_3_Steane_Code,263,20,9.0,9.0,0.0,3,0.15,0,1.0540157730684718
7_1_3_Steane_Code,264,20,6.0,6.0,0.0,7,0.35,0,1.5812908992263646
7_1_3_Steane_Code,265,20,9.0,9.0,0.0,7,0.35,0,1.5128876215138323
7_1_3_Steane_Code,266,20,10.0,11.0,1.0,1,0.05,1,1.4609640474379104
7_1_3_Steane_Code,267,20,10.0,10.0,0.0,2,0.1,0,1.595461844232551
7_1_3_Steane_Code,268,20,8.0,9.0,1.0,1,0.05,1,1.6804820237160698
7_1_3_Steane_Code,269,20,6.0,6.0,0.0,5,0.25,0,1.5588718484410324
7_1_3_Steane_Code,270,20,7.0,8.0,1.0,1,0.05,1,1.7659573209434043
7_1_3_Steane_Code,271,20,10.0,10.0,0.0,3,0.15,0,1.7822287189080306
7_1_3_Steane_Code,272,20,3.0,3.0,0.0,7,0.35,0,0.9340680553726057
7_1_3_Steane_Code,273,20,10.0,11.0,1.0,1,0.05,1,1.395461844232551
7_1_3_Steane_Code,274,20,6.0,6.0,0.0,8,0.4,0,1.5588718484410322
7_1_3_Steane_Code,275,20,3.0,3.0,0.0,7,0.35,0,0.9340680553726057
7_1_3_Steane_Code,276,20,10.0,11.0,1.0,1,0.05,1,1.4609640474379104
7_1_3_Steane_Code,277,20,7.0,7.0,0.0,8,0.4,0,1.4577174691258201
7_1_3_Steane_Code,278,20,6.0,6.0,0.0,8,0.4,0,1.5219280948830343
7_1_3_Steane_Code,279,20,3.0,3.0,0.0,8,0.4,0,0.9709505944517833
7_1_3_Steane_Code,280,20,3.0,3.0,0.0,7,0.35,0,0.9340680553726057
7_1_3_Steane_Code,281,20,3.0,3.0,0.0,9,0.45,0,0.9927744539849228
7_1_3_Steane_Code,282,20,5.0,5.0,0.0,5,0.25,0,1.076297625720871
7_1_3_Steane_Code,283,20,10.0,11.0,1.0,1,0.05,1,1.6841837197734182
7_1_3_Steane_Code,284,20,10.0,11.0,1.0,1,0.05,1,1.2192407046325209
7_1_3_Steane_Code,285,20,10.0,11.0,1.0,1,0.05,1,1.4609640474379104
7_1_3_Steane_Code,286,20,3.0,3.0,0.0,9,0.45,0,0.9927744539849228
7_1_3_Steane_Code,287,20,11.0,11.0,0.0,9,0.45,0,1.2344977967903126
7_1_3_Steane_Code,288,20,3.0,3.0,0.0,8,0.4,0,0.9709505944517833
7_1_3_Steane_Code,289,20,6.0,6.0,0.0,7,0.35,0,1.4406454496110184
7_1_3_Steane_Code,290,20,9.0,9.0,0.0,6,0.3,0,1.5812908992263646
7_1_3_Steane_Code,291,20,10.0,11.0,1.0,1,0.05,1,1.395461844232551
7_1_3_Steane_Code,292,20,6.0,6.0,0.0,9,0.45,0,1.5128876215138323
7_1_3_Steane_Code,293,20,5.0,5.0,0.0,8,0.4,0,1.4577174691258201
7_1_3_Steane_Code,294,20,7.0,7.0,0.0,7,0.35,0,1.5128876215138323
7_1_3_Steane_Code,295,20,3.0,3.0,0.0,9,0.45,0,0.9927744539849228
7_1_3_Steane_Code,296,20,3.0,3.0,0.0,7,0.35,0,0.9340680553726057
7_1_3_Steane_Code,297,20,5.0,5.0,0.0,5,0.25,0,1.2361602543694838
7_1_3_Steane_Code,298,20,8.0,9.0,1.0,1,0.05,1,1.595461844232551
7_1_3_Steane_Code,299,20,5.0,5.0,0.0,5,0.25,0,1.3527241956203266
15_1_3_Reed_Muller_Code,0,20,30.0,30.0,0.0,3,0.15,0,1.8394910702943637
15_1_3_Reed_Muller_Code,1,20,30.0,30.0,0.0,3,0.15,0,2.0086949695556284
15_1_3_Reed_Muller_Code,2,20,18.0,19.0,1.0,1,0.05,1,1.6010143058010642
15_1_3_Reed_Muller_Code,3,20,4.0,4.0,0.0,10,0.5,0,0.9999999999971146
15_1_3_Reed_Muller_Code,4,20,4.0,4.0,0.0,7,0.35,0,0.9340680553726057
15_1_3_Reed_Muller_Code,5,20,23.0,25.0,2.0,1,0.05,1,1.4689955935835104
15_1_3_Reed_Muller_Code,6,20,25.0,25.0,0.0,2,0.1,0,1.4166422780898817
15_1_3_Reed_Muller_Code,7,20,30.0,30.0,0.0,2,0.1,0,1.4788979029817082
15_1_3_Reed_Muller_Code,8,20,18.0,18.0,0.0,4,0.2,0,1.6814963295229046
15_1_3_Reed_Muller_Code,9,20,4.0,4.0,0.0,7,0.35,0,0.9340680553726057
15_1_3_Reed_Muller_Code,10,20,29.0,30.0,1.0,1,0.05,1,1.860964047436468
15_1_3_Reed_Muller_Code,11,20,24.0,24.0,0.0,3,0.15,0,1.8394910702943634
15_1_3_Reed_Muller_Code,12,20,12.0,12.0,0.0,7,0.35,0,1.5812908992263646
15_1_3_Reed_Muller_Code,13,20,24.0,24.0,0.0,3,0.15,0,1.4060075793080005
15_1_3_Reed_Muller_Code,14,20,4.0,4.0,0.0,6,0.3,0,0.8812908992278072
15_1_3_Reed_Muller_Code,15,20,30.0,31.0,1.0,1,0.05,1,1.8609640474364677
15_1_3_Reed_Muller_Code,16,20,24.0,25.0,1.0,1,0.05,1,1.6477309221133902
15_1_3_Reed_Muller_Code,17,20,30.0,30.0,0.0,3,0.15,0,1.7822287189080306
15_1_3_Reed_Muller_Code,18,20,25.0,25.0,0.0,4,0.2,0,1.7199730940162041
15_1_3_Reed_Muller_Code,19,20,12.0,12.0,0.0,6,0.3,0,1.5709505944503404
15_1_3_Reed_Muller_Code,20,20,4.0,4.0,0.0,12,0.6,0,0.9709505944517833
15_1_3_Reed_Muller_Code,21,20,30.0,30.0,0.0,3,0.15,0,1.8016094970532566
15_1_3_Reed_Muller_Code,22,20,24.0,24.0,0.0,2,0.1,0,1.8833830982232427
15_1_3_Reed_Muller_Code,23,20,12.0,12.0,0.0,6,0.3,0,1.5709505944503404
15_1_3_Reed_Muller_Code,24,20,4.0,4.0,0.0,10,0.5,0,0.9999999999971146
15_1_3_Reed_Muller_Code,25,20,13.0,13.0,0.0,6,0.3,0,1.4854752972230063
15_1_3_Reed_Muller_Code,26,20,4.0,4.0,0.0,6,0.3,0,0.8812908992278072
15_1_3_Reed_Muller_Code,27,20,29.0,30.0,1.0,1,0.05,1,1.921928094878706
15_1_3_Reed_Muller_Code,28,20,29.0,30.0,1.0,1,0.05,1,1.9199730940147612
15_1_3_Reed_Muller_Code,29,20,19.0,20.0,1.0,1,0.05,1,1.4904685707270573
15_1_3_Reed_Muller_Code,30,20,30.0,30.0,0.0,3,0.15,0,1.6751432464042162
15_1_3_Reed_Muller_Code,31,20,11.0,11.0,0.0,5,0.25,0,1.4387586809106803
15_1_3_Reed_Muller_Code,32,20,17.0,17.0,0.0,2,0.1,0,1.8833830982232427
15_1_3_Reed_Muller_Code,33,20,18.0,19.0,1.0,1,0.05,1,1.8219280948801488
15_1_3_Reed_Muller_Code,34,20,24.0,25.0,1.0,1,0.05,1,1.6783898247163063
15_1_3_Reed_Muller_Code,35,20,4.0,4.0,0.0,9,0.45,0,0.9927744539849228
15_1_3_Reed_Muller_Code,36,20,19.0,19.0,0.0,4,0.2,0,1.68048202371607
15_1_3_Reed_Muller_Code,37,20,24.0,25.0,1.0,1,0.05,1,1.882228718906588
15_1_3_Reed_Muller_Code,38,20,12.0,12.0,0.0,6,0.3,0,1.5812908992263646
15_1_3_Reed_Muller_Code,39,20,11.0,11.0,0.0,6,0.3,0,1.5709505944503404
15_1_3_Reed_Muller_Code,40,20,19.0,19.0,0.0,5,0.25,0,1.7659573209434043
15_1_3_Reed_Muller_Code,41,20,25.0,26.0,1.0,1,0.05,1,1.2344977967903126
15_1_3_Reed_Muller_Code,42,20,22.0,23.0,1.0,1,0.05,1,2.203701696048692
15_1_3_Reed_Muller_Code,43,20,4.0,4.0,0.0,8,0.4,0,0.9709505944517833
15_1_3_Reed_Muller_Code,44,20,25.0,25.0,0.0,5,0.25,0,1.4387586809106803
15_1_3_Reed_Muller_Code,45,20,29.0,29.0,0.0,2,0.1,0,2.0190352743316526
15_1_3_Reed_Muller_Code,46,20,12.0,12.0,0.0,7,0.35,0,1.4406454496110184
15_1_3_Reed_Muller_Code,47,20,24.0,24.0,0.0,7,0.35,0,1.9567796494398262
15_1_3_Reed_Muller_Code,48,20,16.0,17.0,1.0,1,0.05,1,2.008694969555629
15_1_3_Reed_Muller_Code,49,20,4.0,4.0,0.0,9,0.45,0,0.9927744539849228
15_1_3_Reed_Muller_Code,50,20,4.0,4.0,0.0,9,0.45,0,0.9927744539849228
15_1_3_Reed_Muller_Code,51,20,24.0,25.0,1.0,1,0.05,1,2.0414460711583082
15_1_3_Reed_Muller_Code,52,20,23.0,24.0,1.0,1,0.05,1,2.0199730940133187
15_1_3_Reed_Muller_Code,53,20,29.0,30.0,1.0,1,0.05,1,2.3211274733285308
15_1_3_Reed_Muller_Code,54,20,13.0,13.0,0.0,7,0.35,0,1.5812908992263646
15_1_3_Reed_Muller_Code,55,20,30.0,30.0,0.0,5,0.25,0,1.73449779678887
15_1_3_Reed_Muller_Code,56,20,25.0,26.0,1.0,1,0.05,1,1.1540157730670293
15_1_3_Reed_Muller_Code,57,20,4.0,4.0,0.0,8,0.4,0,0.9709505944517833
15_1_3_Reed_Muller_Code,58,20,31.0,31.0,0.0,9,0.45,0,1.368995593584953
15_1_3_Reed_Muller_Code,59,20,30.0,30.0,0.0,2,0.1,0,1.4904685707270573
15_1_3_Reed_Muller_Code,60,20,4.0,4.0,0.0,10,0.5,0,0.9999999999971146
15_1_3_Reed_Muller_Code,61,20,4.0,4.0,0.0,5,0.25,0,0.8112781244562475
15_1_3_Reed_Muller_Code,62,20,29.0,29.0,0.0,2,0.1,0,1.9954618442311083
15_1_3_Reed_Muller_Code,63,20,18.0,19.0,1.0,1,0.05,1,1.9567796494398262
15_1_3_Reed_Muller_Code,64,20,4.0,4.0,0.0,6,0.3,0,0.8812908992278072
15_1_3_Reed_Muller_Code,65,20,17.0,17.0,0.0,2,0.1,0,1.8016094970532568
15_1_3_Reed_Muller_Code,66,20,19.0,19.0,0.0,3,0.15,0,1.6477309221133902
15_1_3_Reed_Muller_Code,67,20,18.0,18.0,0.0,5,0.25,0,1.6804820237160698
15_1_3_Reed_Muller_Code,68,20,25.0,25.0,0.0,5,0.25,0,1.7762976257194283
15_1_3_Reed_Muller_Code,69,20,10.0,10.0,0.0,7,0.35,0,1.3366664819123593
15_1_3_Reed_Muller_Code,70,20,12.0,12.0,0.0,6,0.3,0,1.4854752972230063
15_1_3_Reed_Muller_Code,71,20,25.0,25.0,0.0,5,0.25,0,1.9527241956188839
15_1_3_Reed_Muller_Code,72,20,19.0,19.0,0.0,3,0.15,0,1.6751432464042162
15_1_3_Reed_Muller_Code,73,20,4.0,4.0,0.0,7,0.35,0,0.9340680553726057
15_1_3_Reed_Muller_Code,74,20,29.0,30.0,1.0,1,0.05,1,1.901609497051814
15_1_3_Reed_Muller_Code,75,20,4.0,4.0,0.0,10,0.5,0,0.9999999999971146
15_1_3_Reed_Muller_Code,76,20,18.0,19.0,1.0,1,0.05,1,1.336160254368041
15_1_3_Reed_Muller_Code,77,20,19.0,19.0,0.0,3,0.15,0,1.4406454496110181
15_1_3_Reed_Muller_Code,78,20,19.0,19.0,0.0,5,0.25,0,1.8833830982232427
15_1_3_Reed_Muller_Code,79,20,17.0,18.0,1.0,1,0.05,1,1.9954618442311083
15_1_3_Reed_Muller_Code,80,20,4.0,4.0,0.0,11,0.55,0,0.9927744539849228
15_1_3_Reed_Muller_Code,81,20,4.0,4.0,0.0,5,0.25,0,0.8112781244562475
15_1_3_Reed_Muller_Code,82,20,30.0,30.0,0.0,2,0.1,0,1.4904685707270573
15_1_3_Reed_Muller_Code,83,20,19.0,20.0,1.0,1,0.05,1,0.9917601481766455
15_1_3_Reed_Muller_Code,84,20,25.0,25.0,0.0,4,0.2,0,1.4854752972230063
15_1_3_Reed_Muller_Code,85,20,12.0,12.0,0.0,6,0.3,0,1.5812908992263646
15_1_3_Reed_Muller_Code,86,20,11.0,11.0,0.0,4,0.2,0,1.5219280948830343
15_1_3_Reed_Muller_Code,87,20,24.0,25.0,1.0,1,0.05,1,1.9833830982218001
15_1_3_Reed_Muller_Code,88,20,11.0,11.0,0.0,7,0.35,0,1.5588718484410324
15_1_3_Reed_Muller_Code,89,20,26.0,26.0,0.0,9,0.45,0,1.5394910702958062
15_1_3_Reed_Muller_Code,90,20,19.0,19.0,0.0,5,0.25,0,1.5588718484410322
15_1_3_Reed_Muller_Code,91,20,30.0,31.0,1.0,1,0.05,1,1.595461844232551
15_1_3_Reed_Muller_Code,92,20,19.0,19.0,0.0,5,0.25,0,1.6010143058010642
15_1_3_Reed_Muller_Code,93,20,25.0,25.0,0.0,5,0.25,0,1.6804820237160698
15_1_3_Reed_Muller_Code,94,20,25.0,25.0,0.0,3,0.15,0,1.6751432464042162
15_1_3_Reed_Muller_Code,95,20,4.0,4.0,0.0,7,0.35,0,0.9340680553726057
15_1_3_Reed_Muller_Code,96,20,4.0,4.0,0.0,8,0.4,0,0.9709505944517833
15_1_3_Reed_Muller_Code,97,20,4.0,4.0,0.0,9,0.45,0,0.9927744539849228
15_1_3_Reed_Muller_Code,98,20,13.0,13.0,0.0,11,0.55,0,0.9927744539849228
15_1_3_Reed_Muller_Code,99,20,4.0,4.0,0.0,10,0.5,0,0.9999999999971146
15_1_3_Reed_Muller_Code,100,20,24.0,24.0,0.0,3,0.15,0,2.2282129458337883
15_1_3_Reed_Muller_Code,101,20,25.0,25.0,0.0,6,0.3,0,1.8464393446652445
15_1_3_Reed_Muller_Code,102,20,18.0,18.0,0.0,4,0.2,0,1.7854752972215637
15_1_3_Reed_Muller_Code,103,20,4.0,4.0,0.0,9,0.45,0,0.9927744539849228
15_1_3_Reed_Muller_Code,104,20,25.0,25.0,0.0,6,0.3,0,1.8464393446652445
15_1_3_Reed_Muller_Code,105,20,25.0,25.0,0.0,4,0.2,0,1.9219280948815916
15_1_3_Reed_Muller_Code,106,20,13.0,13.0,0.0,8,0.4,0,1.2192407046325209
15_1_3_Reed_Muller_Code,107,20,30.0,30.0,0.0,2,0.1,0,2.0638651219436404
15_1_3_Reed_Muller_Code,108,20,4.0,4.0,0.0,10,0.5,0,0.9999999999971146
15_1_3_Reed_Muller_Code,109,20,30.0,30.0,0.0,3,0.15,0,1.7427376486078963
15_1_3_Reed_Muller_Code,110,20,19.0,20.0,1.0,1,0.05,1,1.4689955935835104
15_1_3_Reed_Muller_Code,111,20,17.0,18.0,1.0,1,0.05,1,1.675143246404216
15_1_3_Reed_Muller_Code,112,20,13.0,13.0,0.0,10,0.5,0,1.4406454496110181
15_1_3_Reed_Muller_Code,113,20,25.0,26.0,1.0,1,0.05,1,1.336160254368041
15_1_3_Reed_Muller_Code,114,20,11.0,11.0,0.0,8,0.4,0,1.5588718484410322
15_1_3_Reed_Muller_Code,115,20,24.0,25.0,1.0,1,0.05,1,1.9609640474364678
15_1_3_Reed_Muller_Code,116,20,29.0,30.0,1.0,1,0.05,1,2.0841837197719753
15_1_3_Reed_Muller_Code,117,20,10.0,10.0,0.0,4,0.2,0,1.4854752972230063
15_1_3_Reed_Muller_Code,118,20,17.0,18.0,1.0,1,0.05,1,1.9464393446638022
15_1_3_Reed_Muller_Code,119,20,30.0,30.0,0.0,2,0.1,0,2.185475297220121
15_1_3_Reed_Muller_Code,120,20,25.0,25.0,0.0,3,0.15,0,1.5332062193407245
15_1_3_Reed_Muller_Code,121,20,12.0,12.0,0.0,7,0.35,0,1.5588718484410322
15_1_3_Reed_Muller_Code,122,20,25.0,25.0,0.0,2,0.1,0,1.5437519544147313
15_1_3_Reed_Muller_Code,123,20,4.0,4.0,0.0,10,0.5,0,0.9999999999971146
15_1_3_Reed_Muller_Code,124,20,18.0,18.0,0.0,5,0.25,0,1.8833830982232427
15_1_3_Reed_Muller_Code,125,20,4.0,4.0,0.0,9,0.45,0,0.9927744539849228
15_1_3_Reed_Muller_Code,126,20,24.0,25.0,1.0,1,0.05,1,1.6751432464042162
15_1_3_Reed_Muller_Code,127,20,16.0,17.0,1.0,1,0.05,1,2.0199730940147615
15_1_3_Reed_Muller_Code,128,20,30.0,30.0,0.0,4,0.2,0,1.7393538721614303
15_1_3_Reed_Muller_Code,129,20,4.0,4.0,0.0,9,0.45,0,0.9927744539849228
15_1_3_Reed_Muller_Code,130,20,11.0,11.0,0.0,7,0.35,0,1.5588718484410324
15_1_3_Reed_Muller_Code,131,20,11.0,11.0,0.0,5,0.25,0,1.5588718484410324
15_1_3_Reed_Muller_Code,132,20,24.0,24.0,0.0,2,0.1,0,1.8464393446652447
15_1_3_Reed_Muller_Code,133,20,24.0,24.0,0.0,2,0.1,0,2.0783898247163064
15_1_3_Reed_Muller_Code,134,20,4.0,4.0,0.0,7,0.35,0,0.9340680553726057
15_1_3_Reed_Muller_Code,135,20,4.0,4.0,0.0,10,0.5,0,0.9999999999971146
15_1_3_Reed_Muller_Code,136,20,25.0,25.0,0.0,4,0.2,0,1.5128876215138323
15_1_3_Reed_Muller_Code,137,20,12.0,12.0,0.0,11,0.55,0,1.4387586809106803
15_1_3_Reed_Muller_Code,138,20,12.0,12.0,0.0,8,0.4,0,1.5709505944503404
15_1_3_Reed_Muller_Code,139,20,29.0,29.0,0.0,2,0.1,0,2.2414460711568656
15_1_3_Reed_Muller_Code,140,20,4.0,4.0,0.0,8,0.4,0,0.9709505944517833
15_1_3_Reed_Muller_Code,141,20,25.0,25.0,0.0,2,0.1,0,1.1917601481752027
15_1_3_Reed_Muller_Code,142,20,30.0,30.0,0.0,2,0.1,0,1.8567796494412687
15_1_3_Reed_Muller_Code,143,20,11.0,11.0,0.0,6,0.3,0,1.5812908992263646
15_1_3_Reed_Muller_Code,144,20,29.0,30.0,1.0,1,0.05,1,2.283383098220357
15_1_3_Reed_Muller_Code,145,20,4.0,4.0,0.0,10,0.5,0,0.9999999999971146
15_1_3_Reed_Muller_Code,146,20,4.0,4.0,0.0,9,0.45,0,0.9927744539849228
15_1_3_Reed_Muller_Code,147,20,18.0,19.0,1.0,1,0.05,1,1.6477309221133902
15_1_3_Reed_Muller_Code,148,20,12.0,12.0,0.0,8,0.4,0,1.5219280948830343
15_1_3_Reed_Muller_Code,149,20,19.0,19.0,0.0,2,0.1,0,1.578389824717749
15_1_3_Reed_Muller_Code,150,20,4.0,4.0,0.0,11,0.55,0,0.9927744539849228
15_1_3_Reed_Muller_Code,151,20,12.0,12.0,0.0,7,0.35,0,1.5812908992263646
15_1_3_Reed_Muller_Code,152,20,4.0,4.0,0.0,12,0.6,0,0.9709505944517833
15_1_3_Reed_Muller_Code,153,20,4.0,4.0,0.0,9,0.45,0,0.9927744539849228
15_1_3_Reed_Muller_Code,154,20,25.0,25.0,0.0,5,0.25,0,1.6804820237160698
15_1_3_Reed_Muller_Code,155,20,30.0,30.0,0.0,4,0.2,0,1.7393538721614303
15_1_3_Reed_Muller_Code,156,20,23.0,24.0,1.0,1,0.05,1,1.9149798205092678
15_1_3_Reed_Muller_Code,157,20,11.0,11.0,0.0,6,0.3,0,1.1411535278749776
15_1_3_Reed_Muller_Code,158,20,25.0,25.0,0.0,2,0.1,0,1.6387586809092374
15_1_3_Reed_Muller_Code,159,20,25.0,25.0,0.0,7,0.35,0,1.8833830982232427
15_1_3_Reed_Muller_Code,160,20,18.0,18.0,0.0,3,0.15,0,1.9527241956188839
15_1_3_Reed_Muller_Code,161,20,25.0,25.0,0.0,5,0.25,0,1.765957320943404
15_1_3_Reed_Muller_Code,162,20,18.0,18.0,0.0,7,0.35,0,1.7393538721614301
15_1_3_Reed_Muller_Code,163,20,4.0,4.0,0.0,8,0.4,0,0.9709505944517833
15_1_3_Reed_Muller_Code,164,20,12.0,12.0,0.0,6,0.3,0,1.4854752972230063
15_1_3_Reed_Muller_Code,165,20,10.0,10.0,0.0,8,0.4,0,1.5219280948830343
15_1_3_Reed_Muller_Code,166,20,25.0,25.0,0.0,6,0.3,0,1.7199730940162041
15_1_3_Reed_Muller_Code,167,20,4.0,4.0,0.0,9,0.45,0,0.9927744539849228
15_1_3_Reed_Muller_Code,168,20,4.0,4.0,0.0,11,0.55,0,0.9927744539849228
15_1_3_Reed_Muller_Code,169,20,13.0,13.0,0.0,7,0.35,0,1.5588718484410322
15_1_3_Reed_Muller_Code,170,20,30.0,30.0,0.0,5,0.25,0,1.7762976257194283
15_1_3_Reed_Muller_Code,171,20,30.0,31.0,1.0,1,0.05,1,1.5437519544147311
15_1_3_Reed_Muller_Code,172,20,19.0,19.0,0.0,2,0.1,0,1.6814963295229046
15_1_3_Reed_Muller_Code,173,20,23.0,25.0,2.0,1,0.05,1,1.7199730940162041
15_1_3_Reed_Muller_Code,174,20,25.0,25.0,0.0,7,0.35,0,1.8833830982232427
15_1_3_Reed_Muller_Code,175,20,11.0,11.0,0.0,12,0.6,0,1.3527241956203266
15_1_3_Reed_Muller_Code,176,20,30.0,30.0,0.0,2,0.1,0,1.7128876215123894
15_1_3_Reed_Muller_Code,177,20,12.0,12.0,0.0,8,0.4,0,1.5709505944503404
15_1_3_Reed_Muller_Code,178,20,4.0,4.0,0.0,14,0.7,0,0.8812908992278072
15_1_3_Reed_Muller_Code,179,20,12.0,12.0,0.0,7,0.35,0,1.5588718484410322
15_1_3_Reed_Muller_Code,180,20,17.0,17.0,0.0,2,0.1,0,2.158871848438147
15_1_3_Reed_Muller_Code,181,20,4.0,4.0,0.0,8,0.4,0,0.9709505944517833
15_1_3_Reed_Muller_Code,182,20,24.0,24.0,0.0,2,0.1,0,1.8609640474379106
15_1_3_Reed_Muller_Code,183,20,30.0,30.0,0.0,3,0.15,0,2.0086949695556284
15_1_3_Reed_Muller_Code,184,20,18.0,19.0,1.0,1,0.05,1,1.7762976257194283
15_1_3_Reed_Muller_Code,185,20,17.0,18.0,1.0,1,0.05,1,1.595461844232551
15_1_3_Reed_Muller_Code,186,20,23.0,24.0,1.0,1,0.05,1,1.8128876215109468
15_1_3_Reed_Muller_Code,187,20,18.0,19.0,1.0,1,0.05,1,1.8822287189065878
15_1_3_Reed_Muller_Code,188,20,30.0,30.0,0.0,3,0.15,0,1.64773092211339
15_1_3_Reed_Muller_Code,189,20,25.0,25.0,0.0,4,0.2,0,1.7609640474379105
15_1_3_Reed_Muller_Code,190,20,30.0,31.0,1.0,1,0.05,1,1.7762976257194283
15_1_3_Reed_Muller_Code,191,20,13.0,13.0,0.0,10,0.5,0,1.4854752972230063
15_1_3_Reed_Muller_Code,192,20,4.0,4.0,0.0,10,0.5,0,0.9999999999971146
15_1_3_Reed_Muller_Code,193,20,4.0,4.0,0.0,10,0.5,0,0.9999999999971146
15_1_3_Reed_Muller_Code,194,20,29.0,30.0,1.0,1,0.05,1,1.8219280948801486
15_1_3_Reed_Muller_Code,195,20,26.0,26.0,0.0,13,0.65,0,1.2361602543694838
15_1_3_Reed_Muller_Code,196,20,30.0,30.0,0.0,6,0.3,0,1.6854752972215634
15_1_3_Reed_Muller_Code,197,20,30.0,30.0,0.0,3,0.15,0,1.901609497051814
15_1_3_Reed_Muller_Code,198,20,25.0,25.0,0.0,4,0.2,0,1.7199730940162041
15_1_3_Reed_Muller_Code,199,20,4.0,4.0,0.0,10,0.5,0,0.9999999999971146
15_1_3_Reed_Muller_Code,200,20,19.0,19.0,0.0,2,0.1,0,1.3609640474393532
15_1_3_Reed_Muller_Code,201,20,12.0,12.0,0.0,7,0.35,0,1.5588718484410324
15_1_3_Reed_Muller_Code,202,20,13.0,13.0,0.0,11,0.55,0,1.2192407046325209
15_1_3_Reed_Muller_Code,203,20,4.0,4.0,0.0,10,0.5,0,0.9999999999971146
15_1_3_Reed_Muller_Code,204,20,4.0,4.0,0.0,10,0.5,0,0.9999999999971146
15_1_3_Reed_Muller_Code,205,20,18.0,18.0,0.0,3,0.15,0,1.8394910702943637
15_1_3_Reed_Muller_Code,206,20,29.0,29.0,0.0,2,0.1,0,2.0086949695556284
15_1_3_Reed_Muller_Code,207,20,25.0,25.0,0.0,8,0.4,0,1.7393538721614301
15_1_3_Reed_Muller_Code,208,20,30.0,30.0,0.0,3,0.15,0,1.8709505944488978
15_1_3_Reed_Muller_Code,209,20,25.0,25.0,0.0,5,0.25,0,1.73449779678887
15_1_3_Reed_Muller_Code,210,20,4.0,4.0,0.0,11,0.55,0,0.9927744539849228
15_1_3_Reed_Muller_Code,211,20,11.0,11.0,0.0,11,0.55,0,1.4060075793080005
15_1_3_Reed_Muller_Code,212,20,30.0,31.0,1.0,1,0.05,1,1.6841837197734182
15_1_3_Reed_Muller_Code,213,20,11.0,11.0,0.0,5,0.25,0,1.5588718484410322
15_1_3_Reed_Muller_Code,214,20,29.0,30.0,1.0,1,0.05,1,1.9393538721599872
15_1_3_Reed_Muller_Code,215,20,18.0,19.0,1.0,1,0.05,1,1.595461844232551
15_1_3_Reed_Muller_Code,216,20,13.0,13.0,0.0,8,0.4,0,1.5588718484410322
15_1_3_Reed_Muller_Code,217,20,11.0,11.0,0.0,10,0.5,0,1.499999999995672
15_1_3_Reed_Muller_Code,218,20,12.0,12.0,0.0,5,0.25,0,1.499999999995672
15_1_3_Reed_Muller_Code,219,20,23.0,24.0,1.0,1,0.05,1,2.0086949695556284
15_1_3_Reed_Muller_Code,220,20,30.0,30.0,0.0,3,0.15,0,1.882228718906588
15_1_3_Reed_Muller_Code,221,20,11.0,11.0,0.0,9,0.45,0,1.5394910702958062
15_1_3_Reed_Muller_Code,222,20,30.0,30.0,0.0,3,0.15,0,2.228212945833788
15_1_3_Reed_Muller_Code,223,20,10.0,10.0,0.0,4,0.2,0,1.3709505944503406
15_1_3_Reed_Muller_Code,224,20,18.0,18.0,0.0,2,0.1,0,1.8464393446652447
15_1_3_Reed_Muller_Code,225,20,24.0,24.0,0.0,2,0.1,0,1.7822287189080306
15_1_3_Reed_Muller_Code,226,20,17.0,18.0,1.0,1,0.05,1,1.9464393446638022
15_1_3_Reed_Muller_Code,227,20,24.0,25.0,1.0,1,0.05,1,1.765957320943404
15_1_3_Reed_Muller_Code,228,20,19.0,19.0,0.0,3,0.15,0,1.6751432464042162
15_1_3_Reed_Muller_Code,229,20,24.0,25.0,1.0,1,0.05,1,1.5954618442325508
15_1_3_Reed_Muller_Code,230,20,11.0,11.0,0.0,3,0.15,0,1.4406454496110184
15_1_3_Reed_Muller_Code,231,20,4.0,4.0,0.0,8,0.4,0,0.9709505944517833
15_1_3_Reed_Muller_Code,232,20,12.0,12.0,0.0,6,0.3,0,1.5394910702958062
15_1_3_Reed_Muller_Code,233,20,4.0,4.0,0.0,8,0.4,0,0.9709505944517833
15_1_3_Reed_Muller_Code,234,20,30.0,30.0,0.0,6,0.3,0,1.7883763717287364
15_1_3_Reed_Muller_Code,235,20,23.0,23.0,0.0,3,0.15,0,1.92612074683691
15_1_3_Reed_Muller_Code,236,20,24.0,24.0,0.0,3,0.15,0,1.8709505944488978
15_1_3_Reed_Muller_Code,237,20,19.0,19.0,0.0,7,0.35,0,1.7393538721614301
15_1_3_Reed_Muller_Code,238,20,25.0,25.0,0.0,5,0.25,0,1.7762976257194283
15_1_3_Reed_Muller_Code,239,20,29.0,30.0,1.0,1,0.05,1,2.328212945832345
15_1_3_Reed_Muller_Code,240,20,13.0,13.0,0.0,8,0.4,0,1.5219280948830343
15_1_3_Reed_Muller_Code,241,20,4.0,4.0,0.0,10,0.5,0,0.9999999999971146
15_1_3_Reed_Muller_Code,242,20,29.0,29.0,0.0,2,0.1,0,2.0149798205092675
15_1_3_Reed_Muller_Code,243,20,17.0,17.0,0.0,2,0.1,0,1.9199730940147612
15_1_3_Reed_Muller_Code,244,20,12.0,12.0,0.0,7,0.35,0,1.5812908992263646
15_1_3_Reed_Muller_Code,245,20,18.0,19.0,1.0,1,0.05,1,1.395461844232551
15_1_3_Reed_Muller_Code,246,20,4.0,4.0,0.0,10,0.5,0,0.9999999999971146
15_1_3_Reed_Muller_Code,247,20,30.0,30.0,0.0,4,0.2,0,1.9464393446638022
15_1_3_Reed_Muller_Code,248,20,23.0,24.0,1.0,1,0.05,1,2.1149798205078247
15_1_3_Reed_Muller_Code,249,20,29.0,29.0,0.0,2,0.1,0,2.057717469122935
15_1_3_Reed_Muller_Code,250,20,24.0,25.0,1.0,1,0.05,1,1.5437519544147311
15_1_3_Reed_Muller_Code,251,20,18.0,18.0,0.0,5,0.25,0,1.8833830982232427
15_1_3_Reed_Muller_Code,252,20,17.0,18.0,1.0,1,0.05,1,1.73449779678887
15_1_3_Reed_Muller_Code,253,20,18.0,18.0,0.0,3,0.15,0,1.8709505944488978
15_1_3_Reed_Muller_Code,254,20,19.0,19.0,0.0,2,0.1,0,1.360964047439353
15_1_3_Reed_Muller_Code,255,20,4.0,4.0,0.0,8,0.4,0,0.9709505944517833
15_1_3_Reed_Muller_Code,256,20,12.0,12.0,0.0,5,0.25,0,1.499999999995672
15_1_3_Reed_Muller_Code,257,20,12.0,12.0,0.0,9,0.45,0,1.5394910702958062
15_1_3_Reed_Muller_Code,258,20,12.0,12.0,0.0,8,0.4,0,1.5709505944503404
15_1_3_Reed_Muller_Code,259,20,30.0,30.0,0.0,2,0.1,0,1.595461844232551
15_1_3_Reed_Muller_Code,260,20,4.0,4.0,0.0,7,0.35,0,0.9340680553726057
15_1_3_Reed_Muller_Code,261,20,18.0,19.0,1.0,1,0.05,1,1.7393538721614303
15_1_3_Reed_Muller_Code,262,20,19.0,19.0,0.0,9,0.45,0,1.2344977967903126
15_1_3_Reed_Muller_Code,263,20,12.0,12.0,0.0,9,0.45,0,1.5394910702958062
15_1_3_Reed_Muller_Code,264,20,16.0,16.0,0.0,2,0.1,0,2.0638651219436404
15_1_3_Reed_Muller_Code,265,20,30.0,31.0,1.0,1,0.05,1,1.6841837197734182
15_1_3_Reed_Muller_Code,266,20,19.0,20.0,1.0,1,0.05,1,1.6477309221133902
15_1_3_Reed_Muller_Code,267,20,4.0,4.0,0.0,11,0.55,0,0.9927744539849228
15_1_3_Reed_Muller_Code,268,20,11.0,11.0,0.0,6,0.3,0,1.4854752972230063
15_1_3_Reed_Muller_Code,269,20,24.0,25.0,1.0,1,0.05,1,2.0883763717272936
15_1_3_Reed_Muller_Code,270,20,17.0,17.0,0.0,2,0.1,0,1.8464393446652447
15_1_3_Reed_Muller_Code,271,20,24.0,24.0,0.0,2,0.1,0,1.7822287189080306
15_1_3_Reed_Muller_Code,272,20,29.0,29.0,0.0,2,0.1,0,1.9393538721599874
15_1_3_Reed_Muller_Code,273,20,10.0,10.0,0.0,4,0.2,0,1.4387586809106803
15_1_3_Reed_Muller_Code,274,20,25.0,25.0,0.0,5,0.25,0,1.5588718484410324
15_1_3_Reed_Muller_Code,275,20,30.0,30.0,0.0,4,0.2,0,1.7393538721614303
15_1_3_Reed_Muller_Code,276,20,24.0,25.0,1.0,1,0.05,1,2.063865121943641
15_1_3_Reed_Muller_Code,277,20,30.0,30.0,0.0,3,0.15,0,1.8016094970532566
15_1_3_Reed_Muller_Code,278,20,12.0,12.0,0.0,7,0.35,0,1.5812908992263646
15_1_3_Reed_Muller_Code,279,20,30.0,30.0,0.0,4,0.2,0,1.92612074683691
15_1_3_Reed_Muller_Code,280,20,18.0,19.0,1.0,1,0.05,1,1.73449779678887
15_1_3_Reed_Muller_Code,281,20,30.0,30.0,0.0,4,0.2,0,1.9567796494398262
15_1_3_Reed_Muller_Code,282,20,18.0,18.0,0.0,5,0.25,0,1.9037016960515776
15_1_3_Reed_Muller_Code,283,20,4.0,4.0,0.0,8,0.4,0,0.9709505944517833
15_1_3_Reed_Muller_Code,284,20,29.0,30.0,1.0,1,0.05,1,1.977235445401094
15_1_3_Reed_Muller_Code,285,20,17.0,18.0,1.0,1,0.05,1,1.860964047436468
15_1_3_Reed_Muller_Code,286,20,11.0,11.0,0.0,7,0.35,0,1.5128876215138323
15_1_3_Reed_Muller_Code,287,20,25.0,25.0,0.0,2,0.1,0,1.578389824717749
15_1_3_Reed_Muller_Code,288,20,25.0,25.0,0.0,5,0.25,0,1.73449779678887
15_1_3_Reed_Muller_Code,289,20,30.0,31.0,1.0,1,0.05,1,1.595461844232551
15_1_3_Reed_Muller_Code,290,20,4.0,4.0,0.0,11,0.55,0,0.9927744539849228
15_1_3_Reed_Muller_Code,291,20,30.0,30.0,0.0,3,0.15,0,1.7427376486078963
15_1_3_Reed_Muller_Code,292,20,17.0,18.0,1.0,1,0.05,1,1.7393538721614303
15_1_3_Reed_Muller_Code,293,20,24.0,24.0,0.0,3,0.15,0,1.8394910702943634
15_1_3_Reed_Muller_Code,294,20,13.0,13.0,0.0,8,0.4,0,1.5588718484410322
15_1_3_Reed_Muller_Code,295,20,30.0,30.0,0.0,2,0.1,0,1.8149798205107104
15_1_3_Reed_Muller_Code,296,20,17.0,18.0,1.0,1,0.05,1,1.6954618442311085
15_1_3_Reed_Muller_Code,297,20,18.0,18.0,0.0,10,0.5,0,1.68048202371607
15_1_3_Reed_Muller_Code,298,20,24.0,25.0,1.0,1,0.05,1,1.9833830982218001
15_1_3_Reed_Muller_Code,299,20,19.0,19.0,0.0,3,0.15,0,1.8394910702943637
25_1_5_Rotated_Surface_Logical_0,0,20,157.0,162.0,5.0,1,0.05,1,3.0841837197647615
25_1_5_Rotated_Surface_Logical_0,1,20,131.0,132.0,1.0,1,0.05,1,3.4464393446537027
25_1_5_Rotated_Surface_Logical_0,2,20,105.0,112.0,7.0,1,0.05,1,4.021928094862837
25_1_5_Rotated_Surface_Logical_0,3,20,93.0,112.0,19.0,1,0.05,1,4.121928094861394
25_1_5_Rotated_Surface_Logical_0,4,20,140.0,141.0,1.0,1,0.05,1,3.6464393446508176
25_1_5_Rotated_Surface_Logical_0,5,20,53.0,53.0,0.0,3,0.15,0,2.2841837197705326
25_1_5_Rotated_Surface_Logical_0,6,20,93.0,100.0,7.0,1,0.05,1,4.221928094859951
25_1_5_Rotated_Surface_Logical_0,7,20,37.0,38.0,1.0,1,0.05,1,2.181496329517134
25_1_5_Rotated_Surface_Logical_0,8,20,196.0,196.0,0.0,2,0.1,0,3.0414460711510944
25_1_5_Rotated_Surface_Logical_0,9,20,102.0,103.0,1.0,1,0.05,1,2.9016094970446007
25_1_5_Rotated_Surface_Logical_0,10,20,88.0,99.0,11.0,1,0.05,1,4.221928094859951
25_1_5_Rotated_Surface_Logical_0,11,20,111.0,125.0,14.0,1,0.05,1,4.021928094862837
25_1_5_Rotated_Surface_Logical_0,12,20,41.0,46.0,5.0,1,0.05,1,2.457717469118607
25_1_5_Rotated_Surface_Logical_0,13,20,83.0,86.0,3.0,1,0.05,1,2.601609497047486
25_1_5_Rotated_Surface_Logical_0,14,20,106.0,114.0,8.0,1,0.05,1,3.9841837197546632
25_1_5_Rotated_Surface_Logical_0,15,20,15.0,16.0,1.0,1,0.05,1,1.6954618442311082
25_1_5_Rotated_Surface_Logical_0,16,20,84.0,97.0,13.0,1,0.05,1,3.621928094867164
25_1_5_Rotated_Surface_Logical_0,17,20,84.0,85.0,1.0,1,0.05,1,3.9219280948642794
25_1_5_Rotated_Surface_Logical_0,18,20,107.0,113.0,6.0,1,0.05,1,4.021928094862837
25_1_5_Rotated_Surface_Logical_0,19,20,131.0,136.0,5.0,1,0.05,1,3.3464393446551455
25_1_5_Rotated_Surface_Logical_0,20,20,12.0,13.0,1.0,1,0.05,1,1.2192407046325209
25_1_5_Rotated_Surface_Logical_0,21,20,118.0,118.0,0.0,2,0.1,0,3.784183719757548
25_1_5_Rotated_Surface_Logical_0,22,20,88.0,94.0,6.0,1,0.05,1,4.021928094862837
25_1_5_Rotated_Surface_Logical_0,23,20,116.0,137.0,21.0,1,0.05,1,4.021928094862837
25_1_5_Rotated_Surface_Logical_0,24,20,98.0,102.0,4.0,1,0.05,1,3.9841837197546632
25_1_5_Rotated_Surface_Logical_0,25,20,117.0,119.0,2.0,1,0.05,1,4.021928094862837
25_1_5_Rotated_Surface_Logical_0,26,20,118.0,129.0,11.0,1,0.05,1,3.5841837197604334
25_1_5_Rotated_Surface_Logical_0,27,20,120.0,125.0,5.0,1,0.05,1,3.884183719756106
25_1_5_Rotated_Surface_Logical_0,28,20,146.0,158.0,12.0,1,0.05,1,3.9841837197546632
25_1_5_Rotated_Surface_Logical_0,29,20,137.0,146.0,9.0,1,0.05,1,3.721928094865721
25_1_5_Rotated_Surface_Logical_0,30,20,98.0,113.0,15.0,1,0.05,1,3.208694969545529
25_1_5_Rotated_Surface_Logical_0,31,20,68.0,68.0,0.0,4,0.2,0,3.003701696042921
25_1_5_Rotated_Surface_Logical_0,32,20,112.0,117.0,5.0,1,0.05,1,3.9219280948628366
25_1_5_Rotated_Surface_Logical_0,33,20,12.0,12.0,0.0,4,0.2,0,0.7219280948844771
25_1_5_Rotated_Surface_Logical_0,34,20,112.0,130.0,18.0,1,0.05,1,4.021928094862837
25_1_5_Rotated_Surface_Logical_0,35,20,120.0,125.0,5.0,1,0.05,1,3.4841837197604337
25_1_5_Rotated_Surface_Logical_0,36,20,86.0,91.0,5.0,1,0.05,1,2.9841837197662042
25_1_5_Rotated_Surface_Logical_0,37,20,105.0,106.0,1.0,1,0.05,1,4.121928094861394
25_1_5_Rotated_Surface_Logical_0,38,20,87.0,92.0,5.0,1,0.05,1,3.0841837197647615
25_1_5_Rotated_Surface_Logical_0,39,20,109.0,109.0,0.0,3,0.15,0,3.7464393446493736
25_1_5_Rotated_Surface_Logical_0,40,20,66.0,71.0,5.0,1,0.05,1,2.114979820507825
25_1_5_Rotated_Surface_Logical_0,41,20,100.0,101.0,1.0,1,0.05,1,4.121928094861394
25_1_5_Rotated_Surface_Logical_0,42,20,33.0,33.0,0.0,6,0.3,0,1.395461844232551
25_1_5_Rotated_Surface_Logical_0,43,20,101.0,102.0,1.0,1,0.05,1,2.8709505944416844
25_1_5_Rotated_Surface_Logical_0,44,20,124.0,124.0,0.0,2,0.1,0,4.221928094859951
25_1_5_Rotated_Surface_Logical_0,45,20,253.0,258.0,5.0,1,0.05,1,3.6841837197589906
25_1_5_Rotated_Surface_Logical_0,46,20,102.0,109.0,7.0,1,0.05,1,3.4414460711467663
25_1_5_Rotated_Surface_Logical_0,47,20,61.0,61.0,0.0,2,0.1,0,3.2037016960414784
25_1_5_Rotated_Surface_Logical_0,48,20,94.0,99.0,5.0,1,0.05,1,4.121928094861394
25_1_5_Rotated_Surface_Logical_0,49,20,47.0,47.0,0.0,2,0.1,0,2.601609497047486
25_1_5_Rotated_Surface_Logical_0,50,20,105.0,112.0,7.0,1,0.05,1,4.121928094861394
25_1_5_Rotated_Surface_Logical_0,51,20,12.0,12.0,0.0,4,0.2,0,0.7219280948844771
25_1_5_Rotated_Surface_Logical_0,52,20,12.0,12.0,0.0,12,0.6,0,0.9709505944517833
25_1_5_Rotated_Surface_Logical_0,53,20,138.0,149.0,11.0,1,0.05,1,3.8219280948657213
25_1_5_Rotated_Surface_Logical_0,54,20,52.0,52.0,0.0,2,0.1,0,2.363865121940755
25_1_5_Rotated_Surface_Logical_0,55,20,117.0,119.0,2.0,1,0.05,1,3.9219280948642794
25_1_5_Rotated_Surface_Logical_0,56,20,233.0,239.0,6.0,1,0.05,1,3.4464393446537027
25_1_5_Rotated_Surface_Logical_0,57,20,100.0,101.0,1.0,1,0.05,1,3.784183719757548
25_1_5_Rotated_Surface_Logical_0,58,20,118.0,134.0,16.0,1,0.05,1,3.046439344656589
25_1_5_Rotated_Surface_Logical_0,59,20,123.0,124.0,1.0,1,0.05,1,4.121928094861394
25_1_5_Rotated_Surface_Logical_0,60,20,83.0,84.0,1.0,1,0.05,1,3.203701696041478
25_1_5_Rotated_Surface_Logical_0,61,20,71.0,71.0,0.0,2,0.1,0,2.146439344662359
25_1_5_Rotated_Surface_Logical_0,62,20,170.0,171.0,1.0,1,0.05,1,3.084183719764762
25_1_5_Rotated_Surface_Logical_0,63,20,89.0,100.0,11.0,1,0.05,1,4.321928094858508
25_1_5_Rotated_Surface_Logical_0,64,20,107.0,108.0,1.0,1,0.05,1,3.884183719756106
25_1_5_Rotated_Surface_Logical_0,65,20,135.0,142.0,7.0,1,0.05,1,3.046439344655145
25_1_5_Rotated_Surface_Logical_0,66,20,148.0,154.0,6.0,1,0.05,1,4.08418371975322
25_1_5_Rotated_Surface_Logical_0,67,20,29.0,29.0,0.0,2,0.1,0,1.4166422780898817
25_1_5_Rotated_Surface_Logical_0,68,20,93.0,105.0,12.0,1,0.05,1,4.221928094859951
25_1_5_Rotated_Surface_Logical_0,69,20,148.0,155.0,7.0,1,0.05,1,3.5464393446522604
25_1_5_Rotated_Surface_Logical_0,70,20,23.0,23.0,0.0,6,0.3,0,1.4854752972230063
25_1_5_Rotated_Surface_Logical_0,71,20,78.0,80.0,2.0,1,0.05,1,4.08418371975322
25_1_5_Rotated_Surface_Logical_0,72,20,150.0,156.0,6.0,1,0.05,1,3.4037016960385924
25_1_5_Rotated_Surface_Logical_0,73,20,55.0,55.0,0.0,2,0.1,0,2.8841837197676474
25_1_5_Rotated_Surface_Logical_0,74,20,12.0,12.0,0.0,8,0.4,0,0.9709505944517833
25_1_5_Rotated_Surface_Logical_0,75,20,34.0,40.0,6.0,1,0.05,1,2.1414460711568655
25_1_5_Rotated_Surface_Logical_0,76,20,130.0,130.0,0.0,2,0.1,0,3.046439344658031
25_1_5_Rotated_Surface_Logical_0,77,20,102.0,105.0,3.0,1,0.05,1,3.884183719756106
25_1_5_Rotated_Surface_Logical_0,78,20,112.0,119.0,7.0,1,0.05,1,3.7219280948657216
25_1_5_Rotated_Surface_Logical_0,79,20,154.0,159.0,5.0,1,0.05,1,3.203701696041478
25_1_5_Rotated_Surface_Logical_0,80,20,39.0,39.0,0.0,2,0.1,0,2.2219280948787064
25_1_5_Rotated_Surface_Logical_0,81,20,55.0,55.0,0.0,4,0.2,0,2.301609497050371
25_1_5_Rotated_Surface_Logical_0,82,20,79.0,85.0,6.0,1,0.05,1,3.003701696044364
25_1_5_Rotated_Surface_Logical_0,83,20,83.0,84.0,1.0,1,0.05,1,3.884183719756106
25_1_5_Rotated_Surface_Logical_0,84,20,124.0,135.0,11.0,1,0.05,1,3.146439344656588
25_1_5_Rotated_Surface_Logical_0,85,20,112.0,119.0,7.0,1,0.05,1,4.021928094862837
25_1_5_Rotated_Surface_Logical_0,86,20,90.0,101.0,11.0,1,0.05,1,3.5464393446522595
25_1_5_Rotated_Surface_Logical_0,87,20,102.0,102.0,0.0,2,0.1,0,3.1709505944402414
25_1_5_Rotated_Surface_Logical_0,88,20,106.0,111.0,5.0,1,0.05,1,4.121928094861394
25_1_5_Rotated_Surface_Logical_0,89,20,92.0,106.0,14.0,1,0.05,1,4.121928094861394
25_1_5_Rotated_Surface_Logical_0,90,20,81.0,87.0,6.0,1,0.05,1,3.3414460711482095
25_1_5_Rotated_Surface_Logical_0,91,20,79.0,79.0,0.0,2,0.1,0,4.121928094861394
25_1_5_Rotated_Surface_Logical_0,92,20,125.0,126.0,1.0,1,0.05,1,3.7841837197575474
25_1_5_Rotated_Surface_Logical_0,93,20,112.0,118.0,6.0,1,0.05,1,3.7219280948657216
25_1_5_Rotated_Surface_Logical_0,94,20,162.0,166.0,4.0,1,0.05,1,3.5219280948686067
25_1_5_Rotated_Surface_Logical_0,95,20,124.0,126.0,2.0,1,0.05,1,3.9841837197546632
25_1_5_Rotated_Surface_Logical_0,96,20,109.0,124.0,15.0,1,0.05,1,4.021928094862837
25_1_5_Rotated_Surface_Logical_0,97,20,168.0,169.0,1.0,1,0.05,1,3.884183719756106
25_1_5_Rotated_Surface_Logical_0,98,20,69.0,75.0,6.0,1,0.05,1,2.3841837197690903
25_1_5_Rotated_Surface_Logical_0,99,20,145.0,146.0,1.0,1,0.05,1,3.3841837197618765
25_1_5_Rotated_Surface_Logical_0,100,20,12.0,12.0,0.0,7,0.35,0,0.9340680553726057
25_1_5_Rotated_Surface_Logical_0,101,20,67.0,72.0,5.0,1,0.05,1,2.1822287189051455
25_1_5_Rotated_Surface_Logical_0,102,20,132.0,138.0,6.0,1,0.05,1,3.5464393446522604
25_1_5_Rotated_Surface_Logical_0,103,20,191.0,197.0,6.0,1,0.05,1,3.346439344653703
25_1_5_Rotated_Surface_Logical_0,104,20,147.0,148.0,1.0,1,0.05,1,3.9841837197546632
25_1_5_Rotated_Surface_Logical_0,105,20,88.0,100.0,12.0,1,0.05,1,3.9841837197546632
25_1_5_Rotated_Surface_Logical_0,106,20,186.0,186.0,0.0,2,0.1,0,3.6841837197589897
25_1_5_Rotated_Surface_Logical_0,107,20,50.0,51.0,1.0,1,0.05,1,1.9804820237131846
25_1_5_Rotated_Surface_Logical_0,108,20,73.0,77.0,4.0,1,0.05,1,3.8464393446479326
25_1_5_Rotated_Surface_Logical_0,109,20,22.0,22.0,0.0,2,0.1,0,1.4788979029817082
25_1_5_Rotated_Surface_Logical_0,110,20,112.0,117.0,5.0,1,0.05,1,4.021928094862837
25_1_5_Rotated_Surface_Logical_0,111,20,12.0,12.0,0.0,9,0.45,0,0.9927744539849228
25_1_5_Rotated_Surface_Logical_0,112,20,14.0,14.0,0.0,3,0.15,0,1.4406454496110184
25_1_5_Rotated_Surface_Logical_0,113,20,93.0,98.0,5.0,1,0.05,1,3.0037016960429215
25_1_5_Rotated_Surface_Logical_0,114,20,103.0,110.0,7.0,1,0.05,1,3.884183719756106
25_1_5_Rotated_Surface_Logical_0,115,20,99.0,107.0,8.0,1,0.05,1,4.021928094862837
25_1_5_Rotated_Surface_Logical_0,116,20,52.0,52.0,0.0,5,0.25,0,2.065957320941961
25_1_5_Rotated_Surface_Logical_0,117,20,62.0,68.0,6.0,1,0.05,1,2.523219672325409
25_1_5_Rotated_Surface_Logical_0,118,20,220.0,237.0,17.0,1,0.05,1,3.9219280948642794
25_1_5_Rotated_Surface_Logical_0,119,20,93.0,102.0,9.0,1,0.05,1,3.8219280948657217
25_1_5_Rotated_Surface_Logical_0,120,20,94.0,94.0,0.0,2,0.1,0,4.121928094861394
25_1_5_Rotated_Surface_Logical_0,121,20,94.0,103.0,9.0,1,0.05,1,3.8219280948642798
25_1_5_Rotated_Surface_Logical_0,122,20,106.0,117.0,11.0,1,0.05,1,4.121928094861394
25_1_5_Rotated_Surface_Logical_0,123,20,124.0,125.0,1.0,1,0.05,1,3.3037016960400356
25_1_5_Rotated_Surface_Logical_0,124,20,129.0,146.0,17.0,1,0.05,1,2.62821294582946
25_1_5_Rotated_Surface_Logical_0,125,20,42.0,42.0,0.0,2,0.1,0,2.2954618442282224
25_1_5_Rotated_Surface_Logical_0,126,20,12.0,12.0,0.0,9,0.45,0,0.9927744539849228
25_1_5_Rotated_Surface_Logical_0,127,20,136.0,136.0,0.0,2,0.1,0,3.5464393446522595
25_1_5_Rotated_Surface_Logical_0,128,20,93.0,99.0,6.0,1,0.05,1,3.9841837197546632
25_1_5_Rotated_Surface_Logical_0,129,20,171.0,171.0,0.0,2,0.1,0,3.721928094867164
25_1_5_Rotated_Surface_Logical_0,130,20,94.0,109.0,15.0,1,0.05,1,4.021928094862837
25_1_5_Rotated_Surface_Logical_0,131,20,81.0,87.0,6.0,1,0.05,1,3.821928094865721
25_1_5_Rotated_Surface_Logical_0,132,20,114.0,116.0,2.0,1,0.05,1,4.121928094861394
25_1_5_Rotated_Surface_Logical_0,133,20,100.0,115.0,15.0,1,0.05,1,3.6219280948671644
25_1_5_Rotated_Surface_Logical_0,134,20,173.0,187.0,14.0,1,0.05,1,3.384183719761876
25_1_5_Rotated_Surface_Logical_0,135,20,72.0,72.0,0.0,8,0.4,0,2.2414460711568656
25_1_5_Rotated_Surface_Logical_0,136,20,87.0,107.0,20.0,1,0.05,1,3.8464393446479326
25_1_5_Rotated_Surface_Logical_0,137,20,15.0,15.0,0.0,3,0.15,0,1.7822287189080306
25_1_5_Rotated_Surface_Logical_0,138,20,197.0,203.0,6.0,1,0.05,1,3.646439344650817
25_1_5_Rotated_Surface_Logical_0,139,20,112.0,118.0,6.0,1,0.05,1,4.121928094861394
25_1_5_Rotated_Surface_Logical_0,140,20,102.0,109.0,7.0,1,0.05,1,3.4841837197604333
25_1_5_Rotated_Surface_Logical_0,141,20,12.0,12.0,0.0,8,0.4,0,0.9709505944517833
25_1_5_Rotated_Surface_Logical_0,142,20,95.0,100.0,5.0,1,0.05,1,4.021928094862837
25_1_5_Rotated_Surface_Logical_0,143,20,202.0,208.0,6.0,1,0.05,1,3.8841837197561055
25_1_5_Rotated_Surface_Logical_0,144,20,83.0,85.0,2.0,1,0.05,1,3.7219280948657207
25_1_5_Rotated_Surface_Logical_0,145,20,120.0,120.0,0.0,2,0.1,0,4.121928094861394
25_1_5_Rotated_Surface_Logical_0,146,20,14.0,14.0,0.0,2,0.1,0,0.9219280948830342
25_1_5_Rotated_Surface_Logical_0,147,20,111.0,112.0,1.0,1,0.05,1,3.5219280948686067
25_1_5_Rotated_Surface_Logical_0,148,20,112.0,118.0,6.0,1,0.05,1,4.021928094862837
25_1_5_Rotated_Surface_Logical_0,149,20,74.0,78.0,4.0,1,0.05,1,3.408694969545529
25_1_5_Rotated_Surface_Logical_0,150,20,14.0,14.0,0.0,2,0.1,0,1.3366664819123593
25_1_5_Rotated_Surface_Logical_0,151,20,84.0,85.0,1.0,1,0.05,1,4.221928094859951
25_1_5_Rotated_Surface_Logical_0,152,20,105.0,123.0,18.0,1,0.05,1,3.746439344649374
25_1_5_Rotated_Surface_Logical_0,153,20,96.0,107.0,11.0,1,0.05,1,3.7219280948657216
25_1_5_Rotated_Surface_Logical_0,154,20,61.0,61.0,0.0,5,0.25,0,2.0904685707256143
25_1_5_Rotated_Surface_Logical_0,155,20,94.0,114.0,20.0,1,0.05,1,4.121928094861394
25_1_5_Rotated_Surface_Logical_0,156,20,137.0,139.0,2.0,1,0.05,1,3.646439344650817
25_1_5_Rotated_Surface_Logical_0,157,20,106.0,114.0,8.0,1,0.05,1,3.9219280948642794
25_1_5_Rotated_Surface_Logical_0,158,20,106.0,113.0,7.0,1,0.05,1,3.5841837197589905
25_1_5_Rotated_Surface_Logical_0,159,20,182.0,186.0,4.0,1,0.05,1,3.4841837197604337
25_1_5_Rotated_Surface_Logical_0,160,20,51.0,56.0,5.0,1,0.05,1,2.346439344659474
25_1_5_Rotated_Surface_Logical_0,161,20,95.0,95.0,0.0,5,0.25,0,2.941446071152537
25_1_5_Rotated_Surface_Logical_0,162,20,81.0,106.0,25.0,1,0.05,1,3.6841837197589906
25_1_5_Rotated_Surface_Logical_0,163,20,45.0,45.0,0.0,4,0.2,0,2.246439344662359
25_1_5_Rotated_Surface_Logical_0,164,20,77.0,78.0,1.0,1,0.05,1,3.5464393446522595
25_1_5_Rotated_Surface_Logical_0,165,20,91.0,91.0,0.0,2,0.1,0,2.4804820237117413
25_1_5_Rotated_Surface_Logical_0,166,20,112.0,119.0,7.0,1,0.05,1,3.8841837197561055
25_1_5_Rotated_Surface_Logical_0,167,20,23.0,28.0,5.0,1,0.05,1,1.7166422780869963
25_1_5_Rotated_Surface_Logical_0,168,20,16.0,22.0,6.0,1,0.05,1,1.578389824717749
25_1_5_Rotated_Surface_Logical_0,169,20,98.0,100.0,2.0,1,0.05,1,4.221928094859951
25_1_5_Rotated_Surface_Logical_0,170,20,99.0,112.0,13.0,1,0.05,1,4.121928094861394
25_1_5_Rotated_Surface_Logical_0,171,20,100.0,107.0,7.0,1,0.05,1,3.9219280948642794
25_1_5_Rotated_Surface_Logical_0,172,20,159.0,160.0,1.0,1,0.05,1,3.384183719761876
25_1_5_Rotated_Surface_Logical_0,173,20,129.0,130.0,1.0,1,0.05,1,3.9219280948642794
25_1_5_Rotated_Surface_Logical_0,174,20,62.0,68.0,6.0,1,0.05,1,2.8086949695498578
25_1_5_Rotated_Surface_Logical_0,175,20,89.0,90.0,1.0,1,0.05,1,3.884183719756106
25_1_5_Rotated_Surface_Logical_0,176,20,60.0,65.0,5.0,1,0.05,1,3.0037016960443634
25_1_5_Rotated_Surface_Logical_0,177,20,64.0,70.0,6.0,1,0.05,1,2.2232196723254085
25_1_5_Rotated_Surface_Logical_0,178,20,84.0,96.0,12.0,1,0.05,1,3.521928094867164
25_1_5_Rotated_Surface_Logical_0,179,20,86.0,95.0,9.0,1,0.05,1,4.08418371975322
25_1_5_Rotated_Surface_Logical_0,180,20,141.0,141.0,0.0,2,0.1,0,3.6219280948686072
25_1_5_Rotated_Surface_Logical_0,181,20,143.0,162.0,19.0,1,0.05,1,3.9841837197546632
25_1_5_Rotated_Surface_Logical_0,182,20,135.0,145.0,10.0,1,0.05,1,3.4841837197604337
25_1_5_Rotated_Surface_Logical_0,183,20,14.0,14.0,0.0,2,0.1,0,1.360964047439353
25_1_5_Rotated_Surface_Logical_0,184,20,69.0,70.0,1.0,1,0.05,1,2.5464393446594737
25_1_5_Rotated_Surface_Logical_0,185,20,106.0,118.0,12.0,1,0.05,1,4.121928094861394
25_1_5_Rotated_Surface_Logical_0,186,20,92.0,97.0,5.0,1,0.05,1,2.8086949695498578
25_1_5_Rotated_Surface_Logical_0,187,20,50.0,50.0,0.0,2,0.1,0,2.2841837197705326
25_1_5_Rotated_Surface_Logical_0,188,20,96.0,96.0,0.0,2,0.1,0,4.121928094861394
25_1_5_Rotated_Surface_Logical_0,189,20,230.0,237.0,7.0,1,0.05,1,3.884183719756106
25_1_5_Rotated_Surface_Logical_0,190,20,12.0,12.0,0.0,10,0.5,0,0.9999999999971146
25_1_5_Rotated_Surface_Logical_0,191,20,85.0,85.0,0.0,2,0.1,0,2.584183719767647
25_1_5_Rotated_Surface_Logical_0,192,20,12.0,12.0,0.0,9,0.45,0,0.9927744539849228
25_1_5_Rotated_Surface_Logical_0,193,20,90.0,100.0,10.0,1,0.05,1,2.863865121936427
25_1_5_Rotated_Surface_Logical_0,194,20,139.0,139.0,0.0,2,0.1,0,2.9393538721527737
25_1_5_Rotated_Surface_Logical_0,195,20,137.0,139.0,2.0,1,0.05,1,3.9219280948642794
25_1_5_Rotated_Surface_Logical_0,196,20,77.0,85.0,8.0,1,0.05,1,3.303701696040035
25_1_5_Rotated_Surface_Logical_0,197,20,114.0,115.0,1.0,1,0.05,1,3.8219280948657213
25_1_5_Rotated_Surface_Logical_0,198,20,12.0,12.0,0.0,8,0.4,0,0.9709505944517833
25_1_5_Rotated_Surface_Logical_0,199,20,56.0,57.0,1.0,1,0.05,1,2.9086949695498574
25_1_5_Rotated_Surface_Logical_0,200,20,12.0,13.0,1.0,1,0.05,1,1.1883763717301792
25_1_5_Rotated_Surface_Logical_0,201,20,148.0,148.0,0.0,2,0.1,0,3.7841837197575474
25_1_5_Rotated_Surface_Logical_0,202,20,121.0,126.0,5.0,1,0.05,1,3.9219280948642794
25_1_5_Rotated_Surface_Logical_0,203,20,151.0,156.0,5.0,1,0.05,1,3.721928094867164
25_1_5_Rotated_Surface_Logical_0,204,20,79.0,85.0,6.0,1,0.05,1,2.7638651219378696
25_1_5_Rotated_Surface_Logical_0,205,20,111.0,116.0,5.0,1,0.05,1,3.8219280948657213
25_1_5_Rotated_Surface_Logical_0,206,20,103.0,103.0,0.0,2,0.1,0,4.021928094862837
25_1_5_Rotated_Surface_Logical_0,207,20,113.0,114.0,1.0,1,0.05,1,4.021928094862837
25_1_5_Rotated_Surface_Logical_0,208,20,112.0,116.0,4.0,1,0.05,1,4.021928094862837
25_1_5_Rotated_Surface_Logical_0,209,20,79.0,80.0,1.0,1,0.05,1,4.121928094861394
25_1_5_Rotated_Surface_Logical_0,210,20,114.0,114.0,0.0,2,0.1,0,3.2219280948714926
25_1_5_Rotated_Surface_Logical_0,211,20,129.0,129.0,0.0,2,0.1,0,3.6464393446508168
25_1_5_Rotated_Surface_Logical_0,212,20,122.0,137.0,15.0,1,0.05,1,4.021928094862837
25_1_5_Rotated_Surface_Logical_0,213,20,105.0,106.0,1.0,1,0.05,1,3.646439344650817
25_1_5_Rotated_Surface_Logical_0,214,20,79.0,81.0,2.0,1,0.05,1,2.928212945828017
25_1_5_Rotated_Surface_Logical_0,215,20,12.0,12.0,0.0,5,0.25,0,0.8112781244562475
25_1_5_Rotated_Surface_Logical_0,216,20,153.0,154.0,1.0,1,0.05,1,3.784183719757547
25_1_5_Rotated_Surface_Logical_0,217,20,104.0,111.0,7.0,1,0.05,1,3.784183719757547
25_1_5_Rotated_Surface_Logical_0,218,20,81.0,86.0,5.0,1,0.05,1,4.121928094861394
25_1_5_Rotated_Surface_Logical_0,219,20,100.0,102.0,2.0,1,0.05,1,3.408694969545529
25_1_5_Rotated_Surface_Logical_0,220,20,12.0,12.0,0.0,8,0.4,0,0.9709505944517833
25_1_5_Rotated_Surface_Logical_0,221,20,12.0,12.0,0.0,7,0.35,0,0.9340680553726057
25_1_5_Rotated_Surface_Logical_0,222,20,78.0,83.0,5.0,1,0.05,1,3.221928094871492
25_1_5_Rotated_Surface_Logical_0,223,20,146.0,153.0,7.0,1,0.05,1,3.5464393446522595
25_1_5_Rotated_Surface_Logical_0,224,20,127.0,142.0,15.0,1,0.05,1,4.121928094861394
25_1_5_Rotated_Surface_Logical_0,225,20,181.0,181.0,0.0,2,0.1,0,3.58418371975899
25_1_5_Rotated_Surface_Logical_0,226,20,111.0,112.0,1.0,1,0.05,1,3.821928094865721
25_1_5_Rotated_Surface_Logical_0,227,20,161.0,167.0,6.0,1,0.05,1,3.7841837197575483
25_1_5_Rotated_Surface_Logical_0,228,20,46.0,46.0,0.0,3,0.15,0,2.2577174691200494
25_1_5_Rotated_Surface_Logical_0,229,20,105.0,112.0,7.0,1,0.05,1,3.884183719756106
25_1_5_Rotated_Surface_Logical_0,230,20,96.0,100.0,4.0,1,0.05,1,3.884183719756106
25_1_5_Rotated_Surface_Logical_0,231,20,108.0,123.0,15.0,1,0.05,1,4.121928094861394
25_1_5_Rotated_Surface_Logical_0,232,20,83.0,90.0,7.0,1,0.05,1,2.6588718484323763
25_1_5_Rotated_Surface_Logical_0,233,20,53.0,53.0,0.0,3,0.15,0,2.846439344659474
25_1_5_Rotated_Surface_Logical_0,234,20,119.0,119.0,0.0,2,0.1,0,3.721928094867164
25_1_5_Rotated_Surface_Logical_0,235,20,78.0,95.0,17.0,1,0.05,1,2.9709505944402417
25_1_5_Rotated_Surface_Logical_0,236,20,75.0,81.0,6.0,1,0.05,1,3.4841837197604333
25_1_5_Rotated_Surface_Logical_0,237,20,118.0,124.0,6.0,1,0.05,1,3.3464393446537026
25_1_5_Rotated_Surface_Logical_0,238,20,123.0,130.0,7.0,1,0.05,1,4.021928094862837
25_1_5_Rotated_Surface_Logical_0,239,20,36.0,36.0,0.0,2,0.1,0,1.7332062193392817
25_1_5_Rotated_Surface_Logical_0,240,20,123.0,124.0,1.0,1,0.05,1,3.6414460711438803
25_1_5_Rotated_Surface_Logical_0,241,20,103.0,109.0,6.0,1,0.05,1,3.4841837197604337
25_1_5_Rotated_Surface_Logical_0,242,20,121.0,127.0,6.0,1,0.05,1,4.121928094861394
25_1_5_Rotated_Surface_Logical_0,243,20,147.0,148.0,1.0,1,0.05,1,3.646439344650817
25_1_5_Rotated_Surface_Logical_0,244,20,209.0,210.0,1.0,1,0.05,1,3.1709505944402414
25_1_5_Rotated_Surface_Logical_0,245,20,91.0,92.0,1.0,1,0.05,1,4.121928094861394
25_1_5_Rotated_Surface_Logical_0,246,20,57.0,57.0,0.0,3,0.15,0,2.501609497048929
25_1_5_Rotated_Surface_Logical_0,247,20,32.0,33.0,1.0,1,0.05,1,1.7387586809077948
25_1_5_Rotated_Surface_Logical_0,248,20,112.0,112.0,0.0,3,0.15,0,3.6841837197589906
25_1_5_Rotated_Surface_Logical_0,249,20,85.0,91.0,6.0,1,0.05,1,3.884183719756106
25_1_5_Rotated_Surface_Logical_0,250,20,95.0,102.0,7.0,1,0.05,1,3.8464393446479326
25_1_5_Rotated_Surface_Logical_0,251,20,150.0,151.0,1.0,1,0.05,1,3.5219280948686067
25_1_5_Rotated_Surface_Logical_0,252,20,100.0,113.0,13.0,1,0.05,1,3.7841837197575483
25_1_5_Rotated_Surface_Logical_0,253,20,48.0,48.0,0.0,3,0.15,0,2.608694969552743
25_1_5_Rotated_Surface_Logical_0,254,20,153.0,158.0,5.0,1,0.05,1,3.2841837197633192
25_1_5_Rotated_Surface_Logical_0,255,20,56.0,61.0,5.0,1,0.05,1,2.601609497047486
25_1_5_Rotated_Surface_Logical_0,256,20,87.0,89.0,2.0,1,0.05,1,3.621928094867164
25_1_5_Rotated_Surface_Logical_0,257,20,31.0,32.0,1.0,1,0.05,1,1.8128876215109468
25_1_5_Rotated_Surface_Logical_0,258,20,30.0,35.0,5.0,1,0.05,1,1.7854752972201209
25_1_5_Rotated_Surface_Logical_0,259,20,78.0,91.0,13.0,1,0.05,1,4.021928094862837
25_1_5_Rotated_Surface_Logical_0,260,20,12.0,12.0,0.0,6,0.3,0,0.8812908992278072
25_1_5_Rotated_Surface_Logical_0,261,20,95.0,96.0,1.0,1,0.05,1,3.2659573209318618
25_1_5_Rotated_Surface_Logical_0,262,20,67.0,69.0,2.0,1,0.05,1,3.208694969548415
25_1_5_Rotated_Surface_Logical_0,263,20,13.0,13.0,0.0,6,0.3,0,0.8812908992278072
25_1_5_Rotated_Surface_Logical_0,264,20,130.0,135.0,5.0,1,0.05,1,3.7464393446493736
25_1_5_Rotated_Surface_Logical_0,265,20,103.0,104.0,1.0,1,0.05,1,3.8219280948657213
25_1_5_Rotated_Surface_Logical_0,266,20,54.0,54.0,0.0,2,0.1,0,2.9086949695513002
25_1_5_Rotated_Surface_Logical_0,267,20,69.0,69.0,0.0,3,0.15,0,2.0854752972186783
25_1_5_Rotated_Surface_Logical_0,268,20,146.0,152.0,6.0,1,0.05,1,3.6219280948671644
25_1_5_Rotated_Surface_Logical_0,269,20,72.0,73.0,1.0,1,0.05,1,3.046439344655145
25_1_5_Rotated_Surface_Logical_0,270,20,111.0,112.0,1.0,1,0.05,1,3.8841837197561055
25_1_5_Rotated_Surface_Logical_0,271,20,195.0,204.0,9.0,1,0.05,1,4.08418371975322
25_1_5_Rotated_Surface_Logical_0,272,20,98.0,103.0,5.0,1,0.05,1,4.121928094861394
25_1_5_Rotated_Surface_Logical_0,273,20,63.0,69.0,6.0,1,0.05,1,3.4464393446537027
25_1_5_Rotated_Surface_Logical_0,274,20,109.0,114.0,5.0,1,0.05,1,4.121928094861394
25_1_5_Rotated_Surface_Logical_0,275,20,213.0,220.0,7.0,1,0.05,1,3.721928094865721
25_1_5_Rotated_Surface_Logical_0,276,20,138.0,148.0,10.0,1,0.05,1,3.684183719758991
25_1_5_Rotated_Surface_Logical_0,277,20,117.0,118.0,1.0,1,0.05,1,3.884183719756106
25_1_5_Rotated_Surface_Logical_0,278,20,61.0,61.0,0.0,2,0.1,0,3.146439344656588
25_1_5_Rotated_Surface_Logical_0,279,20,31.0,31.0,0.0,4,0.2,0,1.68048202371607
25_1_5_Rotated_Surface_Logical_0,280,20,91.0,91.0,0.0,2,0.1,0,3.9219280948642794
25_1_5_Rotated_Surface_Logical_0,281,20,94.0,95.0,1.0,1,0.05,1,4.021928094862837
25_1_5_Rotated_Surface_Logical_0,282,20,50.0,55.0,5.0,1,0.05,1,2.8609640474306968
25_1_5_Rotated_Surface_Logical_0,283,20,144.0,145.0,1.0,1,0.05,1,3.3841837197618765
25_1_5_Rotated_Surface_Logical_0,284,20,33.0,33.0,0.0,7,0.35,0,1.1883763717301792
25_1_5_Rotated_Surface_Logical_0,285,20,12.0,12.0,0.0,12,0.6,0,0.9709505944517833
25_1_5_Rotated_Surface_Logical_0,286,20,22.0,27.0,5.0,1,0.05,1,1.5904685707256148
25_1_5_Rotated_Surface_Logical_0,287,20,22.0,23.0,1.0,1,0.05,1,1.7814963295214619
25_1_5_Rotated_Surface_Logical_0,288,20,78.0,89.0,11.0,1,0.05,1,3.346439344653703
25_1_5_Rotated_Surface_Logical_0,289,20,15.0,15.0,0.0,2,0.1,0,1.7854752972201209
25_1_5_Rotated_Surface_Logical_0,290,20,14.0,14.0,0.0,2,0.1,0,1.3366664819123593
25_1_5_Rotated_Surface_Logical_0,291,20,12.0,12.0,0.0,11,0.55,0,0.9927744539849228
25_1_5_Rotated_Surface_Logical_0,292,20,88.0,93.0,5.0,1,0.05,1,4.021928094862837
25_1_5_Rotated_Surface_Logical_0,293,20,131.0,135.0,4.0,1,0.05,1,4.021928094862837
25_1_5_Rotated_Surface_Logical_0,294,20,101.0,103.0,2.0,1,0.05,1,3.3464393446537026
25_1_5_Rotated_Surface_Logical_0,295,20,79.0,85.0,6.0,1,0.05,1,3.9841837197546632
25_1_5_Rotated_Surface_Logical_0,296,20,12.0,12.0,0.0,12,0.6,0,0.9709505944517833
25_1_5_Rotated_Surface_Logical_0,297,20,135.0,142.0,7.0,1,0.05,1,3.9219280948642794
25_1_5_Rotated_Surface_Logical_0,298,20,45.0,50.0,5.0,1,0.05,1,2.2261207468340243
25_1_5_Rotated_Surface_Logical_0,299,20,76.0,77.0,1.0,1,0.05,1,2.3638651219407554
